case_id,timestamp,xrsb_flux
case_001,2010-08-18T05:00:00+00:00,1.41668283504e-06
case_001,2010-08-18T05:01:00+00:00,1.46446529925e-06
case_001,2010-08-18T05:02:00+00:00,1.50155119627e-06
case_001,2010-08-18T05:03:00+00:00,1.5463242562e-06
case_001,2010-08-18T05:04:00+00:00,1.61636330631e-06
case_001,2010-08-18T05:05:00+00:00,1.70259806964e-06
case_001,2010-08-18T05:06:00+00:00,1.78360198788e-06
case_001,2010-08-18T05:07:00+00:00,1.87438865851e-06
case_001,2010-08-18T05:08:00+00:00,1.98453994926e-06
case_001,2010-08-18T05:09:00+00:00,2.09594008993e-06
case_001,2010-08-18T05:10:00+00:00,2.22898506763e-06
case_001,2010-08-18T05:11:00+00:00,2.371829396e-06
case_001,2010-08-18T05:12:00+00:00,2.54240035247e-06
case_001,2010-08-18T05:13:00+00:00,2.70693544735e-06
case_001,2010-08-18T05:14:00+00:00,2.8311699225e-06
case_001,2010-08-18T05:15:00+00:00,2.95324593935e-06
case_001,2010-08-18T05:16:00+00:00,3.1274214507e-06
case_001,2010-08-18T05:17:00+00:00,3.32647323376e-06
case_001,2010-08-18T05:18:00+00:00,3.54099142896e-06
case_001,2010-08-18T05:19:00+00:00,3.75208514924e-06
case_001,2010-08-18T05:20:00+00:00,3.9847395783e-06
case_001,2010-08-18T05:21:00+00:00,4.21547883889e-06
case_001,2010-08-18T05:22:00+00:00,4.46729654868e-06
case_001,2010-08-18T05:23:00+00:00,4.65973016617e-06
case_001,2010-08-18T05:24:00+00:00,4.80546668769e-06
case_001,2010-08-18T05:25:00+00:00,4.87714032715e-06
case_001,2010-08-18T05:26:00+00:00,4.90172351419e-06
case_001,2010-08-18T05:27:00+00:00,4.92970093546e-06
case_001,2010-08-18T05:28:00+00:00,4.95598169437e-06
case_001,2010-08-18T05:29:00+00:00,4.96942766404e-06
case_001,2010-08-18T05:30:00+00:00,4.98540566696e-06
case_001,2010-08-18T05:31:00+00:00,5.04601393914e-06
case_001,2010-08-18T05:32:00+00:00,5.10459358338e-06
case_001,2010-08-18T05:33:00+00:00,5.20080402566e-06
case_001,2010-08-18T05:34:00+00:00,5.33006823389e-06
case_001,2010-08-18T05:35:00+00:00,5.48863044969e-06
case_001,2010-08-18T05:36:00+00:00,5.66579865335e-06
case_001,2010-08-18T05:37:00+00:00,5.84435838391e-06
case_001,2010-08-18T05:38:00+00:00,6.03385387876e-06
case_001,2010-08-18T05:39:00+00:00,6.14532109466e-06
case_001,2010-08-18T05:40:00+00:00,6.23139658273e-06
case_001,2010-08-18T05:41:00+00:00,6.2721373979e-06
case_001,2010-08-18T05:42:00+00:00,6.3309307734e-06
case_001,2010-08-18T05:43:00+00:00,6.41296992399e-06
case_001,2010-08-18T05:44:00+00:00,6.45031605018e-06
case_001,2010-08-18T05:45:00+00:00,6.47307524559e-06
case_001,2010-08-18T05:46:00+00:00,6.45965428703e-06
case_001,2010-08-18T05:47:00+00:00,6.46301577945e-06
case_001,2010-08-18T05:48:00+00:00,6.47257229502e-06
case_001,2010-08-18T05:49:00+00:00,6.44689134788e-06
case_001,2010-08-18T05:50:00+00:00,6.39209656583e-06
case_001,2010-08-18T05:51:00+00:00,6.36116374153e-06
case_001,2010-08-18T05:52:00+00:00,6.31816783425e-06
case_001,2010-08-18T05:53:00+00:00,6.30671684121e-06
case_001,2010-08-18T05:54:00+00:00,6.25830580248e-06
case_001,2010-08-18T05:55:00+00:00,6.2102717493e-06
case_001,2010-08-18T05:56:00+00:00,6.16306761003e-06
case_001,2010-08-18T05:57:00+00:00,6.12489202467e-06
case_001,2010-08-18T05:58:00+00:00,6.08993514106e-06
case_001,2010-08-18T05:59:00+00:00,6.05901914241e-06
case_001,2010-08-18T06:00:00+00:00,6.05761943007e-06
case_001,2010-08-18T06:01:00+00:00,6.01096826358e-06
case_001,2010-08-18T06:02:00+00:00,5.98242468186e-06
case_001,2010-08-18T06:03:00+00:00,5.95934670855e-06
case_001,2010-08-18T06:04:00+00:00,5.90748140894e-06
case_001,2010-08-18T06:05:00+00:00,5.88107559452e-06
case_001,2010-08-18T06:06:00+00:00,5.87037038713e-06
case_001,2010-08-18T06:07:00+00:00,5.83832297707e-06
case_001,2010-08-18T06:08:00+00:00,5.80676123718e-06
case_001,2010-08-18T06:09:00+00:00,5.77264290769e-06
case_001,2010-08-18T06:10:00+00:00,5.74590148972e-06
case_001,2010-08-18T06:11:00+00:00,5.7260340327e-06
case_001,2010-08-18T06:12:00+00:00,5.69962776353e-06
case_001,2010-08-18T06:13:00+00:00,5.64391939406e-06
case_001,2010-08-18T06:14:00+00:00,5.59639238418e-06
case_001,2010-08-18T06:15:00+00:00,5.57023804504e-06
case_001,2010-08-18T06:16:00+00:00,5.53476547793e-06
case_001,2010-08-18T06:17:00+00:00,5.45266766494e-06
case_001,2010-08-18T06:18:00+00:00,5.38791027793e-06
case_001,2010-08-18T06:19:00+00:00,5.33991806151e-06
case_001,2010-08-18T06:20:00+00:00,5.27939346284e-06
case_001,2010-08-18T06:21:00+00:00,5.22884465681e-06
case_001,2010-08-18T06:22:00+00:00,5.18609203937e-06
case_001,2010-08-18T06:23:00+00:00,5.13984332429e-06
case_001,2010-08-18T06:24:00+00:00,5.0867547543e-06
case_001,2010-08-18T06:25:00+00:00,5.02199691255e-06
case_001,2010-08-18T06:26:00+00:00,4.96991378895e-06
case_001,2010-08-18T06:27:00+00:00,4.92328808832e-06
case_001,2010-08-18T06:28:00+00:00,4.86557200929e-06
case_001,2010-08-18T06:29:00+00:00,4.8033875828e-06
case_001,2010-08-18T06:30:00+00:00,4.74309808851e-06
case_001,2010-08-18T06:31:00+00:00,4.68940561404e-06
case_001,2010-08-18T06:32:00+00:00,4.633323897e-06
case_001,2010-08-18T06:33:00+00:00,4.58155545857e-06
case_001,2010-08-18T06:34:00+00:00,4.51663436252e-06
case_001,2010-08-18T06:35:00+00:00,4.45313389719e-06
case_001,2010-08-18T06:36:00+00:00,4.39764744442e-06
case_001,2010-08-18T06:37:00+00:00,4.32852220911e-06
case_001,2010-08-18T06:38:00+00:00,4.2608721742e-06
case_001,2010-08-18T06:39:00+00:00,4.20114383815e-06
case_001,2010-08-18T06:40:00+00:00,4.14603482568e-06
case_001,2010-08-18T06:41:00+00:00,4.09401081924e-06
case_001,2010-08-18T06:42:00+00:00,4.03893500334e-06
case_001,2010-08-18T06:43:00+00:00,3.97707754018e-06
case_001,2010-08-18T06:44:00+00:00,3.91432331526e-06
case_001,2010-08-18T06:45:00+00:00,3.84818258681e-06
case_001,2010-08-18T06:46:00+00:00,3.78356708097e-06
case_001,2010-08-18T06:47:00+00:00,3.72482827515e-06
case_001,2010-08-18T06:48:00+00:00,3.67754864783e-06
case_001,2010-08-18T06:49:00+00:00,3.62750279237e-06
case_001,2010-08-18T06:50:00+00:00,3.56586770067e-06
case_001,2010-08-18T06:51:00+00:00,3.51232188223e-06
case_001,2010-08-18T06:52:00+00:00,3.45686908076e-06
case_001,2010-08-18T06:53:00+00:00,3.40323117598e-06
case_001,2010-08-18T06:54:00+00:00,3.35803474627e-06
case_001,2010-08-18T06:55:00+00:00,3.31641376761e-06
case_001,2010-08-18T06:56:00+00:00,3.26198778566e-06
case_001,2010-08-18T06:57:00+00:00,3.21519019053e-06
case_001,2010-08-18T06:58:00+00:00,3.16200089401e-06
case_001,2010-08-18T06:59:00+00:00,3.10793120661e-06
case_001,2010-08-18T07:00:00+00:00,3.06227798319e-06
case_002,2010-08-18T06:00:00+00:00,6.05761943007e-06
case_002,2010-08-18T06:01:00+00:00,6.01096826358e-06
case_002,2010-08-18T06:02:00+00:00,5.98242468186e-06
case_002,2010-08-18T06:03:00+00:00,5.95934670855e-06
case_002,2010-08-18T06:04:00+00:00,5.90748140894e-06
case_002,2010-08-18T06:05:00+00:00,5.88107559452e-06
case_002,2010-08-18T06:06:00+00:00,5.87037038713e-06
case_002,2010-08-18T06:07:00+00:00,5.83832297707e-06
case_002,2010-08-18T06:08:00+00:00,5.80676123718e-06
case_002,2010-08-18T06:09:00+00:00,5.77264290769e-06
case_002,2010-08-18T06:10:00+00:00,5.74590148972e-06
case_002,2010-08-18T06:11:00+00:00,5.7260340327e-06
case_002,2010-08-18T06:12:00+00:00,5.69962776353e-06
case_002,2010-08-18T06:13:00+00:00,5.64391939406e-06
case_002,2010-08-18T06:14:00+00:00,5.59639238418e-06
case_002,2010-08-18T06:15:00+00:00,5.57023804504e-06
case_002,2010-08-18T06:16:00+00:00,5.53476547793e-06
case_002,2010-08-18T06:17:00+00:00,5.45266766494e-06
case_002,2010-08-18T06:18:00+00:00,5.38791027793e-06
case_002,2010-08-18T06:19:00+00:00,5.33991806151e-06
case_002,2010-08-18T06:20:00+00:00,5.27939346284e-06
case_002,2010-08-18T06:21:00+00:00,5.22884465681e-06
case_002,2010-08-18T06:22:00+00:00,5.18609203937e-06
case_002,2010-08-18T06:23:00+00:00,5.13984332429e-06
case_002,2010-08-18T06:24:00+00:00,5.0867547543e-06
case_002,2010-08-18T06:25:00+00:00,5.02199691255e-06
case_002,2010-08-18T06:26:00+00:00,4.96991378895e-06
case_002,2010-08-18T06:27:00+00:00,4.92328808832e-06
case_002,2010-08-18T06:28:00+00:00,4.86557200929e-06
case_002,2010-08-18T06:29:00+00:00,4.8033875828e-06
case_002,2010-08-18T06:30:00+00:00,4.74309808851e-06
case_002,2010-08-18T06:31:00+00:00,4.68940561404e-06
case_002,2010-08-18T06:32:00+00:00,4.633323897e-06
case_002,2010-08-18T06:33:00+00:00,4.58155545857e-06
case_002,2010-08-18T06:34:00+00:00,4.51663436252e-06
case_002,2010-08-18T06:35:00+00:00,4.45313389719e-06
case_002,2010-08-18T06:36:00+00:00,4.39764744442e-06
case_002,2010-08-18T06:37:00+00:00,4.32852220911e-06
case_002,2010-08-18T06:38:00+00:00,4.2608721742e-06
case_002,2010-08-18T06:39:00+00:00,4.20114383815e-06
case_002,2010-08-18T06:40:00+00:00,4.14603482568e-06
case_002,2010-08-18T06:41:00+00:00,4.09401081924e-06
case_002,2010-08-18T06:42:00+00:00,4.03893500334e-06
case_002,2010-08-18T06:43:00+00:00,3.97707754018e-06
case_002,2010-08-18T06:44:00+00:00,3.91432331526e-06
case_002,2010-08-18T06:45:00+00:00,3.84818258681e-06
case_002,2010-08-18T06:46:00+00:00,3.78356708097e-06
case_002,2010-08-18T06:47:00+00:00,3.72482827515e-06
case_002,2010-08-18T06:48:00+00:00,3.67754864783e-06
case_002,2010-08-18T06:49:00+00:00,3.62750279237e-06
case_002,2010-08-18T06:50:00+00:00,3.56586770067e-06
case_002,2010-08-18T06:51:00+00:00,3.51232188223e-06
case_002,2010-08-18T06:52:00+00:00,3.45686908076e-06
case_002,2010-08-18T06:53:00+00:00,3.40323117598e-06
case_002,2010-08-18T06:54:00+00:00,3.35803474627e-06
case_002,2010-08-18T06:55:00+00:00,3.31641376761e-06
case_002,2010-08-18T06:56:00+00:00,3.26198778566e-06
case_002,2010-08-18T06:57:00+00:00,3.21519019053e-06
case_002,2010-08-18T06:58:00+00:00,3.16200089401e-06
case_002,2010-08-18T06:59:00+00:00,3.10793120661e-06
case_002,2010-08-18T07:00:00+00:00,3.06227798319e-06
case_002,2010-08-18T07:01:00+00:00,3.02896432913e-06
case_002,2010-08-18T07:02:00+00:00,2.9801758501e-06
case_002,2010-08-18T07:03:00+00:00,2.93817333841e-06
case_002,2010-08-18T07:04:00+00:00,2.89592776426e-06
case_002,2010-08-18T07:05:00+00:00,2.84902557723e-06
case_002,2010-08-18T07:06:00+00:00,2.79936102743e-06
case_002,2010-08-18T07:07:00+00:00,2.75597540167e-06
case_002,2010-08-18T07:08:00+00:00,2.72227634923e-06
case_002,2010-08-18T07:09:00+00:00,2.68203848464e-06
case_002,2010-08-18T07:10:00+00:00,2.64037112174e-06
case_002,2010-08-18T07:11:00+00:00,2.59753869614e-06
case_002,2010-08-18T07:12:00+00:00,2.55051077147e-06
case_002,2010-08-18T07:13:00+00:00,2.50484072239e-06
case_002,2010-08-18T07:14:00+00:00,2.46299327955e-06
case_002,2010-08-18T07:15:00+00:00,2.43180897996e-06
case_002,2010-08-18T07:16:00+00:00,2.39836140281e-06
case_002,2010-08-18T07:17:00+00:00,2.37295694205e-06
case_002,2010-08-18T07:18:00+00:00,2.33561536334e-06
case_002,2010-08-18T07:19:00+00:00,2.30003001889e-06
case_002,2010-08-18T07:20:00+00:00,2.26927318181e-06
case_002,2010-08-18T07:21:00+00:00,2.22772746383e-06
case_002,2010-08-18T07:22:00+00:00,2.20031552089e-06
case_002,2010-08-18T07:23:00+00:00,2.17081606024e-06
case_002,2010-08-18T07:24:00+00:00,2.15303589357e-06
case_002,2010-08-18T07:25:00+00:00,2.12826444113e-06
case_002,2010-08-18T07:26:00+00:00,2.10311577575e-06
case_002,2010-08-18T07:27:00+00:00,2.06640288525e-06
case_002,2010-08-18T07:28:00+00:00,2.03684908229e-06
case_002,2010-08-18T07:29:00+00:00,2.0164786747e-06
case_002,2010-08-18T07:30:00+00:00,1.99578130378e-06
case_002,2010-08-18T07:31:00+00:00,1.97007943825e-06
case_002,2010-08-18T07:32:00+00:00,1.94379890672e-06
case_002,2010-08-18T07:33:00+00:00,1.92212087313e-06
case_002,2010-08-18T07:34:00+00:00,1.89739967027e-06
case_002,2010-08-18T07:35:00+00:00,1.87564614862e-06
case_002,2010-08-18T07:36:00+00:00,1.85313808743e-06
case_002,2010-08-18T07:37:00+00:00,1.83253700925e-06
case_002,2010-08-18T07:38:00+00:00,1.81315169812e-06
case_002,2010-08-18T07:39:00+00:00,1.79969708825e-06
case_002,2010-08-18T07:40:00+00:00,1.76580510924e-06
case_002,2010-08-18T07:41:00+00:00,1.73493924649e-06
case_002,2010-08-18T07:42:00+00:00,1.70752718986e-06
case_002,2010-08-18T07:43:00+00:00,1.69068596279e-06
case_002,2010-08-18T07:44:00+00:00,1.6652774093e-06
case_002,2010-08-18T07:45:00+00:00,1.65194865076e-06
case_002,2010-08-18T07:46:00+00:00,1.64113464507e-06
case_002,2010-08-18T07:47:00+00:00,1.62103674484e-06
case_002,2010-08-18T07:48:00+00:00,1.60404044891e-06
case_002,2010-08-18T07:49:00+00:00,1.5895799379e-06
case_002,2010-08-18T07:50:00+00:00,1.56779697136e-06
case_002,2010-08-18T07:51:00+00:00,1.5487132714e-06
case_002,2010-08-18T07:52:00+00:00,1.52922314101e-06
case_002,2010-08-18T07:53:00+00:00,1.5078467186e-06
case_002,2010-08-18T07:54:00+00:00,1.4976615148e-06
case_002,2010-08-18T07:55:00+00:00,1.47854848365e-06
case_002,2010-08-18T07:56:00+00:00,1.46748311636e-06
case_002,2010-08-18T07:57:00+00:00,1.46228990161e-06
case_002,2010-08-18T07:58:00+00:00,1.44497505516e-06
case_002,2010-08-18T07:59:00+00:00,1.43655017837e-06
case_002,2010-08-18T08:00:00+00:00,1.4179234995e-06
case_003,2010-08-18T07:00:00+00:00,3.06227798319e-06
case_003,2010-08-18T07:01:00+00:00,3.02896432913e-06
case_003,2010-08-18T07:02:00+00:00,2.9801758501e-06
case_003,2010-08-18T07:03:00+00:00,2.93817333841e-06
case_003,2010-08-18T07:04:00+00:00,2.89592776426e-06
case_003,2010-08-18T07:05:00+00:00,2.84902557723e-06
case_003,2010-08-18T07:06:00+00:00,2.79936102743e-06
case_003,2010-08-18T07:07:00+00:00,2.75597540167e-06
case_003,2010-08-18T07:08:00+00:00,2.72227634923e-06
case_003,2010-08-18T07:09:00+00:00,2.68203848464e-06
case_003,2010-08-18T07:10:00+00:00,2.64037112174e-06
case_003,2010-08-18T07:11:00+00:00,2.59753869614e-06
case_003,2010-08-18T07:12:00+00:00,2.55051077147e-06
case_003,2010-08-18T07:13:00+00:00,2.50484072239e-06
case_003,2010-08-18T07:14:00+00:00,2.46299327955e-06
case_003,2010-08-18T07:15:00+00:00,2.43180897996e-06
case_003,2010-08-18T07:16:00+00:00,2.39836140281e-06
case_003,2010-08-18T07:17:00+00:00,2.37295694205e-06
case_003,2010-08-18T07:18:00+00:00,2.33561536334e-06
case_003,2010-08-18T07:19:00+00:00,2.30003001889e-06
case_003,2010-08-18T07:20:00+00:00,2.26927318181e-06
case_003,2010-08-18T07:21:00+00:00,2.22772746383e-06
case_003,2010-08-18T07:22:00+00:00,2.20031552089e-06
case_003,2010-08-18T07:23:00+00:00,2.17081606024e-06
case_003,2010-08-18T07:24:00+00:00,2.15303589357e-06
case_003,2010-08-18T07:25:00+00:00,2.12826444113e-06
case_003,2010-08-18T07:26:00+00:00,2.10311577575e-06
case_003,2010-08-18T07:27:00+00:00,2.06640288525e-06
case_003,2010-08-18T07:28:00+00:00,2.03684908229e-06
case_003,2010-08-18T07:29:00+00:00,2.0164786747e-06
case_003,2010-08-18T07:30:00+00:00,1.99578130378e-06
case_003,2010-08-18T07:31:00+00:00,1.97007943825e-06
case_003,2010-08-18T07:32:00+00:00,1.94379890672e-06
case_003,2010-08-18T07:33:00+00:00,1.92212087313e-06
case_003,2010-08-18T07:34:00+00:00,1.89739967027e-06
case_003,2010-08-18T07:35:00+00:00,1.87564614862e-06
case_003,2010-08-18T07:36:00+00:00,1.85313808743e-06
case_003,2010-08-18T07:37:00+00:00,1.83253700925e-06
case_003,2010-08-18T07:38:00+00:00,1.81315169812e-06
case_003,2010-08-18T07:39:00+00:00,1.79969708825e-06
case_003,2010-08-18T07:40:00+00:00,1.76580510924e-06
case_003,2010-08-18T07:41:00+00:00,1.73493924649e-06
case_003,2010-08-18T07:42:00+00:00,1.70752718986e-06
case_003,2010-08-18T07:43:00+00:00,1.69068596279e-06
case_003,2010-08-18T07:44:00+00:00,1.6652774093e-06
case_003,2010-08-18T07:45:00+00:00,1.65194865076e-06
case_003,2010-08-18T07:46:00+00:00,1.64113464507e-06
case_003,2010-08-18T07:47:00+00:00,1.62103674484e-06
case_003,2010-08-18T07:48:00+00:00,1.60404044891e-06
case_003,2010-08-18T07:49:00+00:00,1.5895799379e-06
case_003,2010-08-18T07:50:00+00:00,1.56779697136e-06
case_003,2010-08-18T07:51:00+00:00,1.5487132714e-06
case_003,2010-08-18T07:52:00+00:00,1.52922314101e-06
case_003,2010-08-18T07:53:00+00:00,1.5078467186e-06
case_003,2010-08-18T07:54:00+00:00,1.4976615148e-06
case_003,2010-08-18T07:55:00+00:00,1.47854848365e-06
case_003,2010-08-18T07:56:00+00:00,1.46748311636e-06
case_003,2010-08-18T07:57:00+00:00,1.46228990161e-06
case_003,2010-08-18T07:58:00+00:00,1.44497505516e-06
case_003,2010-08-18T07:59:00+00:00,1.43655017837e-06
case_003,2010-08-18T08:00:00+00:00,1.4179234995e-06
case_003,2010-08-18T08:01:00+00:00,1.39354597195e-06
case_003,2010-08-18T08:02:00+00:00,1.37066069783e-06
case_003,2010-08-18T08:03:00+00:00,1.35280515678e-06
case_003,2010-08-18T08:04:00+00:00,1.33782077683e-06
case_003,2010-08-18T08:05:00+00:00,1.33080004616e-06
case_003,2010-08-18T08:06:00+00:00,1.31357319333e-06
case_003,2010-08-18T08:07:00+00:00,1.30086891659e-06
case_003,2010-08-18T08:08:00+00:00,1.28930480514e-06
case_003,2010-08-18T08:09:00+00:00,1.27685609641e-06
case_003,2010-08-18T08:10:00+00:00,1.27522150706e-06
case_003,2010-08-18T08:11:00+00:00,1.25862334244e-06
case_003,2010-08-18T08:12:00+00:00,1.23372615235e-06
case_003,2010-08-18T08:13:00+00:00,1.2359895436e-06
case_003,2010-08-18T08:14:00+00:00,1.22939638914e-06
case_003,2010-08-18T08:15:00+00:00,1.21084087823e-06
case_003,2010-08-18T08:16:00+00:00,1.19675769383e-06
case_003,2010-08-18T08:17:00+00:00,1.18661012039e-06
case_003,2010-08-18T08:18:00+00:00,1.17060301363e-06
case_003,2010-08-18T08:19:00+00:00,1.14834642773e-06
case_003,2010-08-18T08:20:00+00:00,1.13397811674e-06
case_003,2010-08-18T08:21:00+00:00,1.12470661406e-06
case_003,2010-08-18T08:22:00+00:00,1.12244322281e-06
case_003,2010-08-18T08:23:00+00:00,1.11263523195e-06
case_003,2010-08-18T08:24:00+00:00,1.10371172468e-06
case_003,2010-08-18T08:25:00+00:00,1.08836684376e-06
case_003,2010-08-18T08:26:00+00:00,1.0770498875e-06
case_003,2010-08-18T08:27:00+00:00,1.06226252683e-06
case_003,2010-08-18T08:28:00+00:00,1.05416461338e-06
case_003,2010-08-18T08:29:00+00:00,1.0337942058e-06
case_003,2010-08-18T08:30:00+00:00,1.01644161532e-06
case_003,2010-08-18T08:31:00+00:00,1.00902275335e-06
case_003,2010-08-18T08:32:00+00:00,9.91292949948e-07
case_003,2010-08-18T08:33:00+00:00,9.90035573523e-07
case_003,2010-08-18T08:34:00+00:00,9.80701202025e-07
case_003,2010-08-18T08:35:00+00:00,9.6953931461e-07
case_003,2010-08-18T08:36:00+00:00,9.63629418038e-07
case_003,2010-08-18T08:37:00+00:00,9.45329531987e-07
case_003,2010-08-18T08:38:00+00:00,9.34079707804e-07
case_003,2010-08-18T08:39:00+00:00,9.23643028727e-07
case_003,2010-08-18T08:40:00+00:00,9.12451866952e-07
case_003,2010-08-18T08:41:00+00:00,9.01935493403e-07
case_003,2010-08-18T08:42:00+00:00,8.89440798346e-07
case_003,2010-08-18T08:43:00+00:00,8.86674456524e-07
case_003,2010-08-18T08:44:00+00:00,8.79205288129e-07
case_003,2010-08-18T08:45:00+00:00,8.72088207871e-07
case_003,2010-08-18T08:46:00+00:00,8.70579299317e-07
case_003,2010-08-18T08:47:00+00:00,8.58662986047e-07
case_003,2010-08-18T08:48:00+00:00,8.47316755426e-07
case_003,2010-08-18T08:49:00+00:00,8.39143467601e-07
case_003,2010-08-18T08:50:00+00:00,8.27197823128e-07
case_003,2010-08-18T08:51:00+00:00,8.27667292924e-07
case_003,2010-08-18T08:52:00+00:00,8.17389832264e-07
case_003,2010-08-18T08:53:00+00:00,8.07330366115e-07
case_003,2010-08-18T08:54:00+00:00,7.89500006704e-07
case_003,2010-08-18T08:55:00+00:00,7.77529237439e-07
case_003,2010-08-18T08:56:00+00:00,7.70110318626e-07
case_003,2010-08-18T08:57:00+00:00,7.60205921324e-07
case_003,2010-08-18T08:58:00+00:00,7.54518168833e-07
case_003,2010-08-18T08:59:00+00:00,7.51626032525e-07
case_003,2010-08-18T09:00:00+00:00,7.43829957628e-07
case_004,2011-06-07T06:00:00+00:00,3.15706387255e-07
case_004,2011-06-07T06:01:00+00:00,3.06621899426e-07
case_004,2011-06-07T06:02:00+00:00,2.93384488259e-07
case_004,2011-06-07T06:03:00+00:00,2.94703909276e-07
case_004,2011-06-07T06:04:00+00:00,3.04156117181e-07
case_004,2011-06-07T06:05:00+00:00,3.07530342525e-07
case_004,2011-06-07T06:06:00+00:00,3.18414436151e-07
case_004,2011-06-07T06:07:00+00:00,3.44646991834e-07
case_004,2011-06-07T06:08:00+00:00,3.97466834556e-07
case_004,2011-06-07T06:09:00+00:00,4.48508700401e-07
case_004,2011-06-07T06:10:00+00:00,4.85845987441e-07
case_004,2011-06-07T06:11:00+00:00,5.33993784302e-07
case_004,2011-06-07T06:12:00+00:00,5.55277438252e-07
case_004,2011-06-07T06:13:00+00:00,5.64552294691e-07
case_004,2011-06-07T06:14:00+00:00,5.73965564854e-07
case_004,2011-06-07T06:15:00+00:00,5.82530958582e-07
case_004,2011-06-07T06:16:00+00:00,6.07833442245e-07
case_004,2011-06-07T06:17:00+00:00,6.87911096975e-07
case_004,2011-06-07T06:18:00+00:00,8.14185568743e-07
case_004,2011-06-07T06:19:00+00:00,1.04843570625e-06
case_004,2011-06-07T06:20:00+00:00,1.47458501942e-06
case_004,2011-06-07T06:21:00+00:00,1.97544341063e-06
case_004,2011-06-07T06:22:00+00:00,2.88856472253e-06
case_004,2011-06-07T06:23:00+00:00,4.63636524728e-06
case_004,2011-06-07T06:24:00+00:00,6.85719078319e-06
case_004,2011-06-07T06:25:00+00:00,1.06144725578e-05
case_004,2011-06-07T06:26:00+00:00,1.5477220586e-05
case_004,2011-06-07T06:27:00+00:00,2.17502456508e-05
case_004,2011-06-07T06:28:00+00:00,2.77772869595e-05
case_004,2011-06-07T06:29:00+00:00,3.22998093907e-05
case_004,2011-06-07T06:30:00+00:00,3.46531414834e-05
case_004,2011-06-07T06:31:00+00:00,3.48917455995e-05
case_004,2011-06-07T06:32:00+00:00,3.49161418853e-05
case_004,2011-06-07T06:33:00+00:00,3.49296387867e-05
case_004,2011-06-07T06:34:00+00:00,3.45766420651e-05
case_004,2011-06-07T06:35:00+00:00,3.40762162523e-05
case_004,2011-06-07T06:36:00+00:00,3.44835316355e-05
case_004,2011-06-07T06:37:00+00:00,3.52878269041e-05
case_004,2011-06-07T06:38:00+00:00,3.60337944585e-05
case_004,2011-06-07T06:39:00+00:00,3.64039224223e-05
case_004,2011-06-07T06:40:00+00:00,3.63482577086e-05
case_004,2011-06-07T06:41:00+00:00,3.647504127e-05
case_004,2011-06-07T06:42:00+00:00,3.61101047019e-05
case_004,2011-06-07T06:43:00+00:00,3.51454182237e-05
case_004,2011-06-07T06:44:00+00:00,3.44806067005e-05
case_004,2011-06-07T06:45:00+00:00,3.33587995556e-05
case_004,2011-06-07T06:46:00+00:00,3.21606530633e-05
case_004,2011-06-07T06:47:00+00:00,3.09932001983e-05
case_004,2011-06-07T06:48:00+00:00,3.00307619909e-05
case_004,2011-06-07T06:49:00+00:00,2.90335447062e-05
case_004,2011-06-07T06:50:00+00:00,2.77833623841e-05
case_004,2011-06-07T06:51:00+00:00,2.65485450655e-05
case_004,2011-06-07T06:52:00+00:00,2.5438161174e-05
case_004,2011-06-07T06:53:00+00:00,2.43213726208e-05
case_004,2011-06-07T06:54:00+00:00,2.33544378716e-05
case_004,2011-06-07T06:55:00+00:00,2.22236776608e-05
case_004,2011-06-07T06:56:00+00:00,2.12324284803e-05
case_004,2011-06-07T06:57:00+00:00,2.02777864615e-05
case_004,2011-06-07T06:58:00+00:00,1.93246851268e-05
case_004,2011-06-07T06:59:00+00:00,1.84549098776e-05
case_004,2011-06-07T07:00:00+00:00,1.75700206455e-05
case_004,2011-06-07T07:01:00+00:00,1.67319703905e-05
case_004,2011-06-07T07:02:00+00:00,1.6022082491e-05
case_004,2011-06-07T07:03:00+00:00,1.53339533426e-05
case_004,2011-06-07T07:04:00+00:00,1.45579215314e-05
case_004,2011-06-07T07:05:00+00:00,1.38822952067e-05
case_004,2011-06-07T07:06:00+00:00,1.32572822622e-05
case_004,2011-06-07T07:07:00+00:00,1.25865435621e-05
case_004,2011-06-07T07:08:00+00:00,1.19706583064e-05
case_004,2011-06-07T07:09:00+00:00,1.14274052976e-05
case_004,2011-06-07T07:10:00+00:00,1.08455133159e-05
case_004,2011-06-07T07:11:00+00:00,1.03146840047e-05
case_004,2011-06-07T07:12:00+00:00,9.80517415883e-06
case_004,2011-06-07T07:13:00+00:00,9.28990175453e-06
case_004,2011-06-07T07:14:00+00:00,8.88322756509e-06
case_004,2011-06-07T07:15:00+00:00,8.45080558065e-06
case_004,2011-06-07T07:16:00+00:00,8.02383419796e-06
case_004,2011-06-07T07:17:00+00:00,7.63468051446e-06
case_004,2011-06-07T07:18:00+00:00,7.25554582459e-06
case_004,2011-06-07T07:19:00+00:00,6.91585091772e-06
case_004,2011-06-07T07:20:00+00:00,6.57611235511e-06
case_004,2011-06-07T07:21:00+00:00,6.29356281934e-06
case_004,2011-06-07T07:22:00+00:00,6.02024965701e-06
case_004,2011-06-07T07:23:00+00:00,5.76706906941e-06
case_004,2011-06-07T07:24:00+00:00,5.54253483642e-06
case_004,2011-06-07T07:25:00+00:00,5.31749901711e-06
case_004,2011-06-07T07:26:00+00:00,5.10673862664e-06
case_004,2011-06-07T07:27:00+00:00,4.90608817927e-06
case_004,2011-06-07T07:28:00+00:00,4.71325029139e-06
case_004,2011-06-07T07:29:00+00:00,4.54544669992e-06
case_004,2011-06-07T07:30:00+00:00,4.36664231529e-06
case_004,2011-06-07T07:31:00+00:00,4.21516051574e-06
case_004,2011-06-07T07:32:00+00:00,4.08226742366e-06
case_004,2011-06-07T07:33:00+00:00,3.95430561184e-06
case_004,2011-06-07T07:34:00+00:00,3.82456209991e-06
case_004,2011-06-07T07:35:00+00:00,3.70863517674e-06
case_004,2011-06-07T07:36:00+00:00,3.60065928362e-06
case_004,2011-06-07T07:37:00+00:00,3.51231051354e-06
case_004,2011-06-07T07:38:00+00:00,3.43298552252e-06
case_004,2011-06-07T07:39:00+00:00,3.34382775691e-06
case_004,2011-06-07T07:40:00+00:00,3.24584925693e-06
case_004,2011-06-07T07:41:00+00:00,3.18718525705e-06
case_004,2011-06-07T07:42:00+00:00,3.13397595164e-06
case_004,2011-06-07T07:43:00+00:00,3.05974276671e-06
case_004,2011-06-07T07:44:00+00:00,2.99506973533e-06
case_004,2011-06-07T07:45:00+00:00,2.95332438327e-06
case_004,2011-06-07T07:46:00+00:00,2.90426805805e-06
case_004,2011-06-07T07:47:00+00:00,2.85017199531e-06
case_004,2011-06-07T07:48:00+00:00,2.79187997876e-06
case_004,2011-06-07T07:49:00+00:00,2.73140312856e-06
case_004,2011-06-07T07:50:00+00:00,2.67328391601e-06
case_004,2011-06-07T07:51:00+00:00,2.63731362793e-06
case_004,2011-06-07T07:52:00+00:00,2.60240335592e-06
case_004,2011-06-07T07:53:00+00:00,2.55659142567e-06
case_004,2011-06-07T07:54:00+00:00,2.51069741353e-06
case_004,2011-06-07T07:55:00+00:00,2.45731098403e-06
case_004,2011-06-07T07:56:00+00:00,2.40085728365e-06
case_004,2011-06-07T07:57:00+00:00,2.36002892962e-06
case_004,2011-06-07T07:58:00+00:00,2.31987542065e-06
case_004,2011-06-07T07:59:00+00:00,2.26796419156e-06
case_004,2011-06-07T08:00:00+00:00,2.22817834583e-06
case_005,2011-06-07T07:00:00+00:00,1.75700206455e-05
case_005,2011-06-07T07:01:00+00:00,1.67319703905e-05
case_005,2011-06-07T07:02:00+00:00,1.6022082491e-05
case_005,2011-06-07T07:03:00+00:00,1.53339533426e-05
case_005,2011-06-07T07:04:00+00:00,1.45579215314e-05
case_005,2011-06-07T07:05:00+00:00,1.38822952067e-05
case_005,2011-06-07T07:06:00+00:00,1.32572822622e-05
case_005,2011-06-07T07:07:00+00:00,1.25865435621e-05
case_005,2011-06-07T07:08:00+00:00,1.19706583064e-05
case_005,2011-06-07T07:09:00+00:00,1.14274052976e-05
case_005,2011-06-07T07:10:00+00:00,1.08455133159e-05
case_005,2011-06-07T07:11:00+00:00,1.03146840047e-05
case_005,2011-06-07T07:12:00+00:00,9.80517415883e-06
case_005,2011-06-07T07:13:00+00:00,9.28990175453e-06
case_005,2011-06-07T07:14:00+00:00,8.88322756509e-06
case_005,2011-06-07T07:15:00+00:00,8.45080558065e-06
case_005,2011-06-07T07:16:00+00:00,8.02383419796e-06
case_005,2011-06-07T07:17:00+00:00,7.63468051446e-06
case_005,2011-06-07T07:18:00+00:00,7.25554582459e-06
case_005,2011-06-07T07:19:00+00:00,6.91585091772e-06
case_005,2011-06-07T07:20:00+00:00,6.57611235511e-06
case_005,2011-06-07T07:21:00+00:00,6.29356281934e-06
case_005,2011-06-07T07:22:00+00:00,6.02024965701e-06
case_005,2011-06-07T07:23:00+00:00,5.76706906941e-06
case_005,2011-06-07T07:24:00+00:00,5.54253483642e-06
case_005,2011-06-07T07:25:00+00:00,5.31749901711e-06
case_005,2011-06-07T07:26:00+00:00,5.10673862664e-06
case_005,2011-06-07T07:27:00+00:00,4.90608817927e-06
case_005,2011-06-07T07:28:00+00:00,4.71325029139e-06
case_005,2011-06-07T07:29:00+00:00,4.54544669992e-06
case_005,2011-06-07T07:30:00+00:00,4.36664231529e-06
case_005,2011-06-07T07:31:00+00:00,4.21516051574e-06
case_005,2011-06-07T07:32:00+00:00,4.08226742366e-06
case_005,2011-06-07T07:33:00+00:00,3.95430561184e-06
case_005,2011-06-07T07:34:00+00:00,3.82456209991e-06
case_005,2011-06-07T07:35:00+00:00,3.70863517674e-06
case_005,2011-06-07T07:36:00+00:00,3.60065928362e-06
case_005,2011-06-07T07:37:00+00:00,3.51231051354e-06
case_005,2011-06-07T07:38:00+00:00,3.43298552252e-06
case_005,2011-06-07T07:39:00+00:00,3.34382775691e-06
case_005,2011-06-07T07:40:00+00:00,3.24584925693e-06
case_005,2011-06-07T07:41:00+00:00,3.18718525705e-06
case_005,2011-06-07T07:42:00+00:00,3.13397595164e-06
case_005,2011-06-07T07:43:00+00:00,3.05974276671e-06
case_005,2011-06-07T07:44:00+00:00,2.99506973533e-06
case_005,2011-06-07T07:45:00+00:00,2.95332438327e-06
case_005,2011-06-07T07:46:00+00:00,2.90426805805e-06
case_005,2011-06-07T07:47:00+00:00,2.85017199531e-06
case_005,2011-06-07T07:48:00+00:00,2.79187997876e-06
case_005,2011-06-07T07:49:00+00:00,2.73140312856e-06
case_005,2011-06-07T07:50:00+00:00,2.67328391601e-06
case_005,2011-06-07T07:51:00+00:00,2.63731362793e-06
case_005,2011-06-07T07:52:00+00:00,2.60240335592e-06
case_005,2011-06-07T07:53:00+00:00,2.55659142567e-06
case_005,2011-06-07T07:54:00+00:00,2.51069741353e-06
case_005,2011-06-07T07:55:00+00:00,2.45731098403e-06
case_005,2011-06-07T07:56:00+00:00,2.40085728365e-06
case_005,2011-06-07T07:57:00+00:00,2.36002892962e-06
case_005,2011-06-07T07:58:00+00:00,2.31987542065e-06
case_005,2011-06-07T07:59:00+00:00,2.26796419156e-06
case_005,2011-06-07T08:00:00+00:00,2.22817834583e-06
case_005,2011-06-07T08:01:00+00:00,2.17737874664e-06
case_005,2011-06-07T08:02:00+00:00,2.14130022869e-06
case_005,2011-06-07T08:03:00+00:00,2.12053578252e-06
case_005,2011-06-07T08:04:00+00:00,2.0724917249e-06
case_005,2011-06-07T08:05:00+00:00,2.03059926207e-06
case_005,2011-06-07T08:06:00+00:00,1.9894594061e-06
case_005,2011-06-07T08:07:00+00:00,1.95619736587e-06
case_005,2011-06-07T08:08:00+00:00,1.92197467186e-06
case_005,2011-06-07T08:09:00+00:00,1.88394960787e-06
case_005,2011-06-07T08:10:00+00:00,1.85293254162e-06
case_005,2011-06-07T08:11:00+00:00,1.82660483006e-06
case_005,2011-06-07T08:12:00+00:00,1.79673850198e-06
case_005,2011-06-07T08:13:00+00:00,1.76753826509e-06
case_005,2011-06-07T08:14:00+00:00,1.73627893219e-06
case_005,2011-06-07T08:15:00+00:00,1.69758766333e-06
case_005,2011-06-07T08:16:00+00:00,1.67267023699e-06
case_005,2011-06-07T08:17:00+00:00,1.64106052125e-06
case_005,2011-06-07T08:18:00+00:00,1.62218645983e-06
case_005,2011-06-07T08:19:00+00:00,1.59532226007e-06
case_005,2011-06-07T08:20:00+00:00,1.56923681516e-06
case_005,2011-06-07T08:21:00+00:00,1.54333292812e-06
case_005,2011-06-07T08:22:00+00:00,1.50888979533e-06
case_005,2011-06-07T08:23:00+00:00,1.48643812281e-06
case_005,2011-06-07T08:24:00+00:00,1.46367062825e-06
case_005,2011-06-07T08:25:00+00:00,1.44127523072e-06
case_005,2011-06-07T08:26:00+00:00,1.41350255944e-06
case_005,2011-06-07T08:27:00+00:00,1.38977907227e-06
case_005,2011-06-07T08:28:00+00:00,1.36613346058e-06
case_005,2011-06-07T08:29:00+00:00,1.34342224101e-06
case_005,2011-06-07T08:30:00+00:00,1.32590207613e-06
case_005,2011-06-07T08:31:00+00:00,1.30459682168e-06
case_005,2011-06-07T08:32:00+00:00,1.28995350224e-06
case_005,2011-06-07T08:33:00+00:00,1.27749478906e-06
case_005,2011-06-07T08:34:00+00:00,1.26507927689e-06
case_005,2011-06-07T08:35:00+00:00,1.23804204577e-06
case_005,2011-06-07T08:36:00+00:00,1.21610946735e-06
case_005,2011-06-07T08:37:00+00:00,1.20122399494e-06
case_005,2011-06-07T08:38:00+00:00,1.18781781566e-06
case_005,2011-06-07T08:39:00+00:00,1.17393153687e-06
case_005,2011-06-07T08:40:00+00:00,1.1691297459e-06
case_005,2011-06-07T08:41:00+00:00,1.14677754937e-06
case_005,2011-06-07T08:42:00+00:00,1.13655528367e-06
case_005,2011-06-07T08:43:00+00:00,1.11605027087e-06
case_005,2011-06-07T08:44:00+00:00,1.09496556888e-06
case_005,2011-06-07T08:45:00+00:00,1.07932305582e-06
case_005,2011-06-07T08:46:00+00:00,1.06491756924e-06
case_005,2011-06-07T08:47:00+00:00,1.05369178982e-06
case_005,2011-06-07T08:48:00+00:00,1.04259572709e-06
case_005,2011-06-07T08:49:00+00:00,1.03208367364e-06
case_005,2011-06-07T08:50:00+00:00,1.01975467715e-06
case_005,2011-06-07T08:51:00+00:00,1.01291971077e-06
case_005,2011-06-07T08:52:00+00:00,9.97951929094e-07
case_005,2011-06-07T08:53:00+00:00,9.86661120805e-07
case_005,2011-06-07T08:54:00+00:00,9.78545699581e-07
case_005,2011-06-07T08:55:00+00:00,9.8315717878e-07
case_005,2011-06-07T08:56:00+00:00,9.68621975517e-07
case_005,2011-06-07T08:57:00+00:00,9.56552526077e-07
case_005,2011-06-07T08:58:00+00:00,9.56591520662e-07
case_005,2011-06-07T08:59:00+00:00,9.44872454056e-07
case_005,2011-06-07T09:00:00+00:00,9.31635042889e-07
case_006,2011-12-06T02:17:00+00:00,8.12239250081e-07
case_006,2011-12-06T02:18:00+00:00,8.3721295141e-07
case_006,2011-12-06T02:19:00+00:00,8.66283357936e-07
case_006,2011-12-06T02:20:00+00:00,8.67062055931e-07
case_006,2011-12-06T02:21:00+00:00,8.42274346269e-07
case_006,2011-12-06T02:22:00+00:00,8.11127506495e-07
case_006,2011-12-06T02:23:00+00:00,7.8840326978e-07
case_006,2011-12-06T02:24:00+00:00,7.77774403105e-07
case_006,2011-12-06T02:25:00+00:00,7.65575236983e-07
case_006,2011-12-06T02:26:00+00:00,7.5843746572e-07
case_006,2011-12-06T02:27:00+00:00,7.69836333347e-07
case_006,2011-12-06T02:28:00+00:00,7.72408100147e-07
case_006,2011-12-06T02:29:00+00:00,7.77677087171e-07
case_006,2011-12-06T02:30:00+00:00,7.77238028604e-07
case_006,2011-12-06T02:31:00+00:00,7.73751310135e-07
case_006,2011-12-06T02:32:00+00:00,7.61681917538e-07
case_006,2011-12-06T02:33:00+00:00,7.46878527025e-07
case_006,2011-12-06T02:34:00+00:00,7.31962643385e-07
case_006,2011-12-06T02:35:00+00:00,7.31573265966e-07
case_006,2011-12-06T02:36:00+00:00,7.25603456431e-07
case_006,2011-12-06T02:37:00+00:00,7.12755422683e-07
case_006,2011-12-06T02:38:00+00:00,7.16778515653e-07
case_006,2011-12-06T02:39:00+00:00,7.22748325188e-07
case_006,2011-12-06T02:40:00+00:00,7.05730087702e-07
case_006,2011-12-06T02:41:00+00:00,7.04579349531e-07
case_006,2011-12-06T02:42:00+00:00,7.10289612016e-07
case_006,2011-12-06T02:43:00+00:00,7.07360925389e-07
case_006,2011-12-06T02:44:00+00:00,7.08342952294e-07
case_006,2011-12-06T02:45:00+00:00,7.19633646895e-07
case_006,2011-12-06T02:46:00+00:00,7.25214135855e-07
case_006,2011-12-06T02:47:00+00:00,7.2417157071e-07
case_006,2011-12-06T02:48:00+00:00,7.71155725943e-07
case_006,2011-12-06T02:49:00+00:00,8.72123393947e-07
case_006,2011-12-06T02:50:00+00:00,8.60036664108e-07
case_006,2011-12-06T02:51:00+00:00,9.37921072364e-07
case_006,2011-12-06T02:52:00+00:00,9.60243028203e-07
case_006,2011-12-06T02:53:00+00:00,9.04957346393e-07
case_006,2011-12-06T02:54:00+00:00,8.62796639467e-07
case_006,2011-12-06T02:55:00+00:00,8.38640517031e-07
case_006,2011-12-06T02:56:00+00:00,8.18784428702e-07
case_006,2011-12-06T02:57:00+00:00,7.88277816355e-07
case_006,2011-12-06T02:58:00+00:00,7.62330785165e-07
case_006,2011-12-06T02:59:00+00:00,7.49612524942e-07
case_006,2011-12-06T03:00:00+00:00,7.43742191389e-07
case_006,2011-12-06T03:01:00+00:00,7.46627620174e-07
case_006,2011-12-06T03:02:00+00:00,7.46368073123e-07
case_006,2011-12-06T03:03:00+00:00,7.52337882659e-07
case_006,2011-12-06T03:04:00+00:00,7.74478053245e-07
case_006,2011-12-06T03:05:00+00:00,8.19173749278e-07
case_006,2011-12-06T03:06:00+00:00,8.69008715654e-07
case_006,2011-12-06T03:07:00+00:00,9.13354028853e-07
case_006,2011-12-06T03:08:00+00:00,9.57258066592e-07
case_006,2011-12-06T03:09:00+00:00,9.94244942376e-07
case_006,2011-12-06T03:10:00+00:00,1.02136868918e-06
case_006,2011-12-06T03:11:00+00:00,1.06017239432e-06
case_006,2011-12-06T03:12:00+00:00,1.12661905405e-06
case_006,2011-12-06T03:13:00+00:00,1.17333922844e-06
case_006,2011-12-06T03:14:00+00:00,1.21770187889e-06
case_006,2011-12-06T03:15:00+00:00,1.25367216697e-06
case_006,2011-12-06T03:16:00+00:00,1.28897193008e-06
case_006,2011-12-06T03:17:00+00:00,1.29209524857e-06
case_006,2011-12-06T03:18:00+00:00,1.26613088014e-06
case_006,2011-12-06T03:19:00+00:00,1.24744281038e-06
case_006,2011-12-06T03:20:00+00:00,1.21531832065e-06
case_006,2011-12-06T03:21:00+00:00,1.18008779282e-06
case_006,2011-12-06T03:22:00+00:00,1.14297108667e-06
case_006,2011-12-06T03:23:00+00:00,1.09923576019e-06
case_006,2011-12-06T03:24:00+00:00,1.06251707166e-06
case_006,2011-12-06T03:25:00+00:00,1.03278910046e-06
case_006,2011-12-06T03:26:00+00:00,1.00631439182e-06
case_006,2011-12-06T03:27:00+00:00,9.83105678642e-07
case_006,2011-12-06T03:28:00+00:00,9.70365704234e-07
case_006,2011-12-06T03:29:00+00:00,9.61930140875e-07
case_006,2011-12-06T03:30:00+00:00,9.51028710006e-07
case_006,2011-12-06T03:31:00+00:00,9.43964437283e-07
case_006,2011-12-06T03:32:00+00:00,9.32340640247e-07
case_006,2011-12-06T03:33:00+00:00,9.19492549656e-07
case_006,2011-12-06T03:34:00+00:00,9.04823252768e-07
case_006,2011-12-06T03:35:00+00:00,8.90032822554e-07
case_006,2011-12-06T03:36:00+00:00,8.79910089679e-07
case_006,2011-12-06T03:37:00+00:00,8.70825601851e-07
case_006,2011-12-06T03:38:00+00:00,8.55901078012e-07
case_006,2011-12-06T03:39:00+00:00,8.46557043133e-07
case_006,2011-12-06T03:40:00+00:00,8.36174763208e-07
case_006,2011-12-06T03:41:00+00:00,8.27544511139e-07
case_006,2011-12-06T03:42:00+00:00,8.22548031465e-07
case_006,2011-12-06T03:43:00+00:00,8.19433353172e-07
case_006,2011-12-06T03:44:00+00:00,8.25286349482e-07
case_006,2011-12-06T03:45:00+00:00,8.15150656308e-07
case_006,2011-12-06T03:46:00+00:00,8.05027923434e-07
case_006,2011-12-06T03:47:00+00:00,7.92041419118e-07
case_006,2011-12-06T03:48:00+00:00,7.93347851413e-07
case_006,2011-12-06T03:49:00+00:00,7.94775417035e-07
case_006,2011-12-06T03:50:00+00:00,7.8465268416e-07
case_006,2011-12-06T03:51:00+00:00,7.77739842306e-07
case_006,2011-12-06T03:52:00+00:00,7.70896178892e-07
case_006,2011-12-06T03:53:00+00:00,7.76736214902e-07
case_006,2011-12-06T03:54:00+00:00,7.80123400546e-07
case_006,2011-12-06T03:55:00+00:00,7.76346894327e-07
case_006,2011-12-06T03:56:00+00:00,7.69079292695e-07
case_006,2011-12-06T03:57:00+00:00,7.64666822306e-07
case_006,2011-12-06T03:58:00+00:00,7.55785663387e-07
case_006,2011-12-06T03:59:00+00:00,7.45070281027e-07
case_006,2011-12-06T04:00:00+00:00,7.43512941881e-07
case_006,2011-12-06T04:01:00+00:00,7.38473204365e-07
case_006,2011-12-06T04:02:00+00:00,7.30145700345e-07
case_006,2011-12-06T04:03:00+00:00,7.27160795577e-07
case_006,2011-12-06T04:04:00+00:00,7.31949626243e-07
case_006,2011-12-06T04:05:00+00:00,7.23137702607e-07
case_006,2011-12-06T04:06:00+00:00,7.23916343759e-07
case_006,2011-12-06T04:07:00+00:00,7.30664851289e-07
case_006,2011-12-06T04:08:00+00:00,7.38096844088e-07
case_006,2011-12-06T04:09:00+00:00,7.39360018542e-07
case_006,2011-12-06T04:10:00+00:00,7.50391166093e-07
case_006,2011-12-06T04:11:00+00:00,7.64190929203e-07
case_006,2011-12-06T04:12:00+00:00,7.97371001227e-07
case_006,2011-12-06T04:13:00+00:00,8.10219091818e-07
case_006,2011-12-06T04:14:00+00:00,8.86883526618e-07
case_006,2011-12-06T04:15:00+00:00,8.94185745892e-07
case_006,2011-12-06T04:16:00+00:00,8.63038906118e-07
case_006,2011-12-06T04:17:00+00:00,8.30724047773e-07
case_007,2011-12-15T06:00:00+00:00,1.12445604827e-06
case_007,2011-12-15T06:01:00+00:00,1.11212716547e-06
case_007,2011-12-15T06:02:00+00:00,1.11082931653e-06
case_007,2011-12-15T06:03:00+00:00,1.10695327749e-06
case_007,2011-12-15T06:04:00+00:00,1.09590484954e-06
case_007,2011-12-15T06:05:00+00:00,1.08617143724e-06
case_007,2011-12-15T06:06:00+00:00,1.08525000542e-06
case_007,2011-12-15T06:07:00+00:00,1.08253766484e-06
case_007,2011-12-15T06:08:00+00:00,1.07695711904e-06
case_007,2011-12-15T06:09:00+00:00,1.07220296286e-06
case_007,2011-12-15T06:10:00+00:00,1.0715064036e-06
case_007,2011-12-15T06:11:00+00:00,1.06346021767e-06
case_007,2011-12-15T06:12:00+00:00,1.05800950223e-06
case_007,2011-12-15T06:13:00+00:00,1.05903041003e-06
case_007,2011-12-15T06:14:00+00:00,1.0591775208e-06
case_007,2011-12-15T06:15:00+00:00,1.06449840587e-06
case_007,2011-12-15T06:16:00+00:00,1.07320659026e-06
case_007,2011-12-15T06:17:00+00:00,1.0704682154e-06
case_007,2011-12-15T06:18:00+00:00,1.07293396923e-06
case_007,2011-12-15T06:19:00+00:00,1.0694429875e-06
case_007,2011-12-15T06:20:00+00:00,1.06981929093e-06
case_007,2011-12-15T06:21:00+00:00,1.06618551854e-06
case_007,2011-12-15T06:22:00+00:00,1.06410914213e-06
case_007,2011-12-15T06:23:00+00:00,1.07057201149e-06
case_007,2011-12-15T06:24:00+00:00,1.09110305857e-06
case_007,2011-12-15T06:25:00+00:00,1.11679912607e-06
case_007,2011-12-15T06:26:00+00:00,1.19100650409e-06
case_007,2011-12-15T06:27:00+00:00,1.27720534238e-06
case_007,2011-12-15T06:28:00+00:00,1.34339234137e-06
case_007,2011-12-15T06:29:00+00:00,1.46356728692e-06
case_007,2011-12-15T06:30:00+00:00,1.62218680089e-06
case_007,2011-12-15T06:31:00+00:00,1.72831539658e-06
case_007,2011-12-15T06:32:00+00:00,1.80916731551e-06
case_007,2011-12-15T06:33:00+00:00,1.85189037438e-06
case_007,2011-12-15T06:34:00+00:00,1.92077686734e-06
case_007,2011-12-15T06:35:00+00:00,1.95958068616e-06
case_007,2011-12-15T06:36:00+00:00,1.97822100745e-06
case_007,2011-12-15T06:37:00+00:00,1.96853534362e-06
case_007,2011-12-15T06:38:00+00:00,1.96412293008e-06
case_007,2011-12-15T06:39:00+00:00,1.95309166884e-06
case_007,2011-12-15T06:40:00+00:00,1.93481469069e-06
case_007,2011-12-15T06:41:00+00:00,1.91493677448e-06
case_007,2011-12-15T06:42:00+00:00,1.88833223547e-06
case_007,2011-12-15T06:43:00+00:00,1.85101225725e-06
case_007,2011-12-15T06:44:00+00:00,1.81721361514e-06
case_007,2011-12-15T06:45:00+00:00,1.79605967787e-06
case_007,2011-12-15T06:46:00+00:00,1.76909179572e-06
case_007,2011-12-15T06:47:00+00:00,1.72312422819e-06
case_007,2011-12-15T06:48:00+00:00,1.68795429545e-06
case_007,2011-12-15T06:49:00+00:00,1.65654785178e-06
case_007,2011-12-15T06:50:00+00:00,1.62645221735e-06
case_007,2011-12-15T06:51:00+00:00,1.60346849043e-06
case_007,2011-12-15T06:52:00+00:00,1.57777230925e-06
case_007,2011-12-15T06:53:00+00:00,1.54616259351e-06
case_007,2011-12-15T06:54:00+00:00,1.51093638578e-06
case_007,2011-12-15T06:55:00+00:00,1.47589616972e-06
case_007,2011-12-15T06:56:00+00:00,1.44150487813e-06
case_007,2011-12-15T06:57:00+00:00,1.40515396652e-06
case_007,2011-12-15T06:58:00+00:00,1.37051608817e-06
case_007,2011-12-15T06:59:00+00:00,1.34014794639e-06
case_007,2011-12-15T07:00:00+00:00,1.31394995151e-06
case_007,2011-12-15T07:01:00+00:00,1.28019030399e-06
case_007,2011-12-15T07:02:00+00:00,1.25034125631e-06
case_007,2011-12-15T07:03:00+00:00,1.22400047076e-06
case_007,2011-12-15T07:04:00+00:00,1.19985736546e-06
case_007,2011-12-15T07:05:00+00:00,1.17740569294e-06
case_007,2011-12-15T07:06:00+00:00,1.15703051051e-06
case_007,2011-12-15T07:07:00+00:00,1.13982184757e-06
case_007,2011-12-15T07:08:00+00:00,1.111478241e-06
case_007,2011-12-15T07:09:00+00:00,1.09538564175e-06
case_007,2011-12-15T07:10:00+00:00,1.07232835944e-06
case_007,2011-12-15T07:11:00+00:00,1.04814637325e-06
case_007,2011-12-15T07:12:00+00:00,1.0310155858e-06
case_007,2011-12-15T07:13:00+00:00,1.00859847407e-06
case_007,2011-12-15T07:14:00+00:00,9.98051859824e-07
case_007,2011-12-15T07:15:00+00:00,9.74042791313e-07
case_007,2011-12-15T07:16:00+00:00,9.62492549661e-07
case_007,2011-12-15T07:17:00+00:00,9.45746762682e-07
case_007,2011-12-15T07:18:00+00:00,9.31475483412e-07
case_007,2011-12-15T07:19:00+00:00,9.21871844639e-07
case_007,2011-12-15T07:20:00+00:00,9.092401001e-07
case_007,2011-12-15T07:21:00+00:00,8.89816590188e-07
case_007,2011-12-15T07:22:00+00:00,8.73204953677e-07
case_007,2011-12-15T07:23:00+00:00,8.62446313477e-07
case_007,2011-12-15T07:24:00+00:00,8.51791469358e-07
case_007,2011-12-15T07:25:00+00:00,8.40111397338e-07
case_007,2011-12-15T07:26:00+00:00,8.29469570363e-07
case_007,2011-12-15T07:27:00+00:00,8.29326836538e-07
case_007,2011-12-15T07:28:00+00:00,8.20255309009e-07
case_007,2011-12-15T07:29:00+00:00,8.13766405372e-07
case_007,2011-12-15T07:30:00+00:00,8.17032457689e-07
case_007,2011-12-15T07:31:00+00:00,8.29210023312e-07
case_007,2011-12-15T07:32:00+00:00,8.34011814277e-07
case_007,2011-12-15T07:33:00+00:00,8.47768319545e-07
case_007,2011-12-15T07:34:00+00:00,8.52786456562e-07
case_007,2011-12-15T07:35:00+00:00,8.44913188303e-07
case_007,2011-12-15T07:36:00+00:00,8.40111397338e-07
case_007,2011-12-15T07:37:00+00:00,8.37230345496e-07
case_007,2011-12-15T07:38:00+00:00,8.39073152292e-07
case_007,2011-12-15T07:39:00+00:00,8.36088247524e-07
case_007,2011-12-15T07:40:00+00:00,8.30205010516e-07
case_007,2011-12-15T07:41:00+00:00,8.18697969862e-07
case_007,2011-12-15T07:42:00+00:00,8.09353934983e-07
case_007,2011-12-15T07:43:00+00:00,8.02735200978e-07
case_007,2011-12-15T07:44:00+00:00,7.92820117113e-07
case_007,2011-12-15T07:45:00+00:00,7.75092360072e-07
case_007,2011-12-15T07:46:00+00:00,7.64710136991e-07
case_007,2011-12-15T07:47:00+00:00,7.47029957893e-07
case_007,2011-12-15T07:48:00+00:00,7.32265505121e-07
case_007,2011-12-15T07:49:00+00:00,7.1850894301e-07
case_007,2011-12-15T07:50:00+00:00,7.08766947355e-07
case_007,2011-12-15T07:51:00+00:00,7.03195098595e-07
case_007,2011-12-15T07:52:00+00:00,6.85545217038e-07
case_007,2011-12-15T07:53:00+00:00,6.76590502735e-07
case_007,2011-12-15T07:54:00+00:00,6.6950025257e-07
case_007,2011-12-15T07:55:00+00:00,6.64002016038e-07
case_007,2011-12-15T07:56:00+00:00,6.57642829083e-07
case_007,2011-12-15T07:57:00+00:00,6.45287968837e-07
case_007,2011-12-15T07:58:00+00:00,6.41939664092e-07
case_007,2011-12-15T07:59:00+00:00,6.39603626951e-07
case_007,2011-12-15T08:00:00+00:00,6.44284341433e-07
case_008,2011-12-19T12:05:00+00:00,4.97306132274e-07
case_008,2011-12-19T12:06:00+00:00,4.97189319049e-07
case_008,2011-12-19T12:07:00+00:00,4.95878566653e-07
case_008,2011-12-19T12:08:00+00:00,4.96008340178e-07
case_008,2011-12-19T12:09:00+00:00,4.98945667005e-07
case_008,2011-12-19T12:10:00+00:00,5.00161263517e-07
case_008,2011-12-19T12:11:00+00:00,5.01588829138e-07
case_008,2011-12-19T12:12:00+00:00,5.06221908836e-07
case_008,2011-12-19T12:13:00+00:00,5.05352375058e-07
case_008,2011-12-19T12:14:00+00:00,4.97825226375e-07
case_008,2011-12-19T12:15:00+00:00,4.90427851219e-07
case_008,2011-12-19T12:16:00+00:00,5.01705642364e-07
case_008,2011-12-19T12:17:00+00:00,5.07169318098e-07
case_008,2011-12-19T12:18:00+00:00,5.01848376189e-07
case_008,2011-12-19T12:19:00+00:00,5.00576561535e-07
case_008,2011-12-19T12:20:00+00:00,5.05741752477e-07
case_008,2011-12-19T12:21:00+00:00,5.12100882588e-07
case_008,2011-12-19T12:22:00+00:00,5.21778019902e-07
case_008,2011-12-19T12:23:00+00:00,5.28972122993e-07
case_008,2011-12-19T12:24:00+00:00,5.30399688614e-07
case_008,2011-12-19T12:25:00+00:00,5.46102853605e-07
case_008,2011-12-19T12:26:00+00:00,5.72335409288e-07
case_008,2011-12-19T12:27:00+00:00,5.92693311319e-07
case_008,2011-12-19T12:28:00+00:00,6.18129888608e-07
case_008,2011-12-19T12:29:00+00:00,6.45725151571e-07
case_008,2011-12-19T12:30:00+00:00,6.2445195681e-07
case_008,2011-12-19T12:31:00+00:00,6.14755663264e-07
case_008,2011-12-19T12:32:00+00:00,6.30718432149e-07
case_008,2011-12-19T12:33:00+00:00,6.3706892206e-07
case_008,2011-12-19T12:34:00+00:00,6.34871355487e-07
case_008,2011-12-19T12:35:00+00:00,6.20336152224e-07
case_008,2011-12-19T12:36:00+00:00,6.17121941104e-07
case_008,2011-12-19T12:37:00+00:00,6.00869384471e-07
case_008,2011-12-19T12:38:00+00:00,5.85815087106e-07
case_008,2011-12-19T12:39:00+00:00,5.86386079249e-07
case_008,2011-12-19T12:40:00+00:00,5.99571592375e-07
case_008,2011-12-19T12:41:00+00:00,6.00999157996e-07
case_008,2011-12-19T12:42:00+00:00,5.96976008183e-07
case_008,2011-12-19T12:43:00+00:00,5.85131601838e-07
case_008,2011-12-19T12:44:00+00:00,5.98922667905e-07
case_008,2011-12-19T12:45:00+00:00,5.96067593506e-07
case_008,2011-12-19T12:46:00+00:00,5.86009718972e-07
case_008,2011-12-19T12:47:00+00:00,5.87112879202e-07
case_008,2011-12-19T12:48:00+00:00,5.91914670167e-07
case_008,2011-12-19T12:49:00+00:00,6.11727500655e-07
case_008,2011-12-19T12:50:00+00:00,6.37207335785e-07
case_008,2011-12-19T12:51:00+00:00,6.57193254483e-07
case_008,2011-12-19T12:52:00+00:00,6.83797793499e-07
case_008,2011-12-19T12:53:00+00:00,7.21874812371e-07
case_008,2011-12-19T12:54:00+00:00,7.33373212825e-07
case_008,2011-12-19T12:55:00+00:00,7.50503943436e-07
case_008,2011-12-19T12:56:00+00:00,7.77701188781e-07
case_008,2011-12-19T12:57:00+00:00,8.69770417466e-07
case_008,2011-12-19T12:58:00+00:00,8.81061112068e-07
case_008,2011-12-19T12:59:00+00:00,8.38420248783e-07
case_008,2011-12-19T13:00:00+00:00,8.58479666022e-07
case_008,2011-12-19T13:01:00+00:00,8.90145599897e-07
case_008,2011-12-19T13:02:00+00:00,8.97542975054e-07
case_008,2011-12-19T13:03:00+00:00,9.38531343309e-07
case_008,2011-12-19T13:04:00+00:00,9.68012727753e-07
case_008,2011-12-19T13:05:00+00:00,1.01667967556e-06
case_008,2011-12-19T13:06:00+00:00,9.79930632639e-07
case_008,2011-12-19T13:07:00+00:00,8.85862903033e-07
case_008,2011-12-19T13:08:00+00:00,8.25386166525e-07
case_008,2011-12-19T13:09:00+00:00,7.95666892373e-07
case_008,2011-12-19T13:10:00+00:00,7.92504636138e-07
case_008,2011-12-19T13:11:00+00:00,7.61015996886e-07
case_008,2011-12-19T13:12:00+00:00,7.23510027001e-07
case_008,2011-12-19T13:13:00+00:00,6.93648019023e-07
case_008,2011-12-19T13:14:00+00:00,6.67186156988e-07
case_008,2011-12-19T13:15:00+00:00,6.56025235912e-07
case_008,2011-12-19T13:16:00+00:00,6.52123219425e-07
case_008,2011-12-19T13:17:00+00:00,6.44994031518e-07
case_008,2011-12-19T13:18:00+00:00,6.35260676063e-07
case_008,2011-12-19T13:19:00+00:00,6.36558468159e-07
case_008,2011-12-19T13:20:00+00:00,6.44094257041e-07
case_008,2011-12-19T13:21:00+00:00,6.49536332276e-07
case_008,2011-12-19T13:22:00+00:00,6.56284782963e-07
case_008,2011-12-19T13:23:00+00:00,6.47732406378e-07
case_008,2011-12-19T13:24:00+00:00,6.40841165023e-07
case_008,2011-12-19T13:25:00+00:00,6.49276728382e-07
case_008,2011-12-19T13:26:00+00:00,6.40280518382e-07
case_008,2011-12-19T13:27:00+00:00,6.38367737338e-07
case_008,2011-12-19T13:28:00+00:00,6.39153995508e-07
case_008,2011-12-19T13:29:00+00:00,6.44994088361e-07
case_008,2011-12-19T13:30:00+00:00,6.40079747427e-07
case_008,2011-12-19T13:31:00+00:00,6.31107752724e-07
case_008,2011-12-19T13:32:00+00:00,6.33833110442e-07
case_008,2011-12-19T13:33:00+00:00,6.33807132999e-07
case_008,2011-12-19T13:34:00+00:00,6.27733527381e-07
case_008,2011-12-19T13:35:00+00:00,6.3214599777e-07
case_008,2011-12-19T13:36:00+00:00,6.33807132999e-07
case_008,2011-12-19T13:37:00+00:00,6.2098501985e-07
case_008,2011-12-19T13:38:00+00:00,6.13457871168e-07
case_008,2011-12-19T13:39:00+00:00,6.15015210315e-07
case_008,2011-12-19T13:40:00+00:00,6.40330654278e-07
case_008,2011-12-19T13:41:00+00:00,6.63552384594e-07
case_008,2011-12-19T13:42:00+00:00,6.74323985095e-07
case_008,2011-12-19T13:43:00+00:00,6.60403088659e-07
case_008,2011-12-19T13:44:00+00:00,6.40841165023e-07
case_008,2011-12-19T13:45:00+00:00,6.33962883967e-07
case_008,2011-12-19T13:46:00+00:00,6.22153038421e-07
case_008,2011-12-19T13:47:00+00:00,6.1887828906e-07
case_008,2011-12-19T13:48:00+00:00,6.19168133653e-07
case_008,2011-12-19T13:49:00+00:00,6.12679230017e-07
case_008,2011-12-19T13:50:00+00:00,6.08465711593e-07
case_008,2011-12-19T13:51:00+00:00,5.98144026753e-07
case_008,2011-12-19T13:52:00+00:00,5.99052498274e-07
case_008,2011-12-19T13:53:00+00:00,5.90275135437e-07
case_008,2011-12-19T13:54:00+00:00,5.89319085975e-07
case_008,2011-12-19T13:55:00+00:00,5.93731556364e-07
case_008,2011-12-19T13:56:00+00:00,6.00480063895e-07
case_008,2011-12-19T13:57:00+00:00,6.02444004016e-07
case_008,2011-12-19T13:58:00+00:00,5.99182271799e-07
case_008,2011-12-19T13:59:00+00:00,6.0463293039e-07
case_008,2011-12-19T14:00:00+00:00,6.07336687608e-07
case_008,2011-12-19T14:01:00+00:00,6.06320099905e-07
case_008,2011-12-19T14:02:00+00:00,5.95288895511e-07
case_008,2011-12-19T14:03:00+00:00,5.90024228586e-07
case_008,2011-12-19T14:04:00+00:00,6.0528185486e-07
case_008,2011-12-19T14:05:00+00:00,6.6394170517e-07
case_009,2012-01-29T05:04:00+00:00,8.11888185126e-07
case_009,2012-01-29T05:05:00+00:00,8.09439711702e-07
case_009,2012-01-29T05:06:00+00:00,8.20470916096e-07
case_009,2012-01-29T05:07:00+00:00,8.08160450561e-07
case_009,2012-01-29T05:08:00+00:00,8.03984676168e-07
case_009,2012-01-29T05:09:00+00:00,8.02042336545e-07
case_009,2012-01-29T05:10:00+00:00,7.97759639681e-07
case_009,2012-01-29T05:11:00+00:00,7.97629866156e-07
case_009,2012-01-29T05:12:00+00:00,7.98797884727e-07
case_009,2012-01-29T05:13:00+00:00,8.03340128641e-07
case_009,2012-01-29T05:14:00+00:00,7.97084794613e-07
case_009,2012-01-29T05:15:00+00:00,7.94125867287e-07
case_009,2012-01-29T05:16:00+00:00,8.01263695394e-07
case_009,2012-01-29T05:17:00+00:00,8.01574230991e-07
case_009,2012-01-29T05:18:00+00:00,7.94073969246e-07
case_009,2012-01-29T05:19:00+00:00,7.92299715613e-07
case_009,2012-01-29T05:20:00+00:00,7.89194245954e-07
case_009,2012-01-29T05:21:00+00:00,7.90184913058e-07
case_009,2012-01-29T05:22:00+00:00,7.89583623373e-07
case_009,2012-01-29T05:23:00+00:00,7.93217395767e-07
case_009,2012-01-29T05:24:00+00:00,7.94255640812e-07
case_009,2012-01-29T05:25:00+00:00,7.90310366483e-07
case_009,2012-01-29T05:26:00+00:00,7.86988039181e-07
case_009,2012-01-29T05:27:00+00:00,7.84522228514e-07
case_009,2012-01-29T05:28:00+00:00,7.81407550221e-07
case_009,2012-01-29T05:29:00+00:00,7.78033324877e-07
case_009,2012-01-29T05:30:00+00:00,7.74010175064e-07
case_009,2012-01-29T05:31:00+00:00,7.70739802647e-07
case_009,2012-01-29T05:32:00+00:00,7.73885062699e-07
case_009,2012-01-29T05:33:00+00:00,7.68040365529e-07
case_009,2012-01-29T05:34:00+00:00,7.61787873671e-07
case_009,2012-01-29T05:35:00+00:00,7.63238574564e-07
case_009,2012-01-29T05:36:00+00:00,7.60902594266e-07
case_009,2012-01-29T05:37:00+00:00,7.61421688367e-07
case_009,2012-01-29T05:38:00+00:00,7.68559516473e-07
case_009,2012-01-29T05:39:00+00:00,7.85041379459e-07
case_009,2012-01-29T05:40:00+00:00,8.02691204171e-07
case_009,2012-01-29T05:41:00+00:00,8.05364663847e-07
case_009,2012-01-29T05:42:00+00:00,8.15409521238e-07
case_009,2012-01-29T05:43:00+00:00,8.44479927764e-07
case_009,2012-01-29T05:44:00+00:00,8.71084523624e-07
case_009,2012-01-29T05:45:00+00:00,8.96317772003e-07
case_009,2012-01-29T05:46:00+00:00,9.22606545828e-07
case_009,2012-01-29T05:47:00+00:00,9.50249386733e-07
case_009,2012-01-29T05:48:00+00:00,9.68829340309e-07
case_009,2012-01-29T05:49:00+00:00,9.74907266027e-07
case_009,2012-01-29T05:50:00+00:00,9.78462253443e-07
case_009,2012-01-29T05:51:00+00:00,9.84259941106e-07
case_009,2012-01-29T05:52:00+00:00,9.91231559055e-07
case_009,2012-01-29T05:53:00+00:00,9.98007863018e-07
case_009,2012-01-29T05:54:00+00:00,1.00670308711e-06
case_009,2012-01-29T05:55:00+00:00,1.01662681118e-06
case_009,2012-01-29T05:56:00+00:00,1.02746753328e-06
case_009,2012-01-29T05:57:00+00:00,1.03979652977e-06
case_009,2012-01-29T05:58:00+00:00,1.05413710116e-06
case_009,2012-01-29T05:59:00+00:00,1.07574521735e-06
case_009,2012-01-29T06:00:00+00:00,1.09567076834e-06
case_009,2012-01-29T06:01:00+00:00,1.09326526854e-06
case_009,2012-01-29T06:02:00+00:00,1.09553639049e-06
case_009,2012-01-29T06:03:00+00:00,1.09988400254e-06
case_009,2012-01-29T06:04:00+00:00,1.11368217404e-06
case_009,2012-01-29T06:05:00+00:00,1.10544715426e-06
case_009,2012-01-29T06:06:00+00:00,1.10234975637e-06
case_009,2012-01-29T06:07:00+00:00,1.10105190743e-06
case_009,2012-01-29T06:08:00+00:00,1.09716722818e-06
case_009,2012-01-29T06:09:00+00:00,1.09298252937e-06
case_009,2012-01-29T06:10:00+00:00,1.08664653453e-06
case_009,2012-01-29T06:11:00+00:00,1.07301980279e-06
case_009,2012-01-29T06:12:00+00:00,1.07057132936e-06
case_009,2012-01-29T06:13:00+00:00,1.07418782136e-06
case_009,2012-01-29T06:14:00+00:00,1.07392827431e-06
case_009,2012-01-29T06:15:00+00:00,1.06505149233e-06
case_009,2012-01-29T06:16:00+00:00,1.05614867607e-06
case_009,2012-01-29T06:17:00+00:00,1.04641526377e-06
case_009,2012-01-29T06:18:00+00:00,1.03481738734e-06
case_009,2012-01-29T06:19:00+00:00,1.03071204194e-06
case_009,2012-01-29T06:20:00+00:00,1.02396359125e-06
case_009,2012-01-29T06:21:00+00:00,1.00929855762e-06
case_009,2012-01-29T06:22:00+00:00,9.94374090624e-07
case_009,2012-01-29T06:23:00+00:00,9.83083282335e-07
case_009,2012-01-29T06:24:00+00:00,9.76594378699e-07
case_009,2012-01-29T06:25:00+00:00,9.6870383004e-07
case_009,2012-01-29T06:26:00+00:00,9.58031478149e-07
case_009,2012-01-29T06:27:00+00:00,9.51714014263e-07
case_009,2012-01-29T06:28:00+00:00,9.42860651776e-07
case_009,2012-01-29T06:29:00+00:00,9.37271522616e-07
case_009,2012-01-29T06:30:00+00:00,9.32729278702e-07
case_009,2012-01-29T06:31:00+00:00,9.19232320484e-07
case_009,2012-01-29T06:32:00+00:00,9.19024671475e-07
case_009,2012-01-29T06:33:00+00:00,9.02231363398e-07
case_009,2012-01-29T06:34:00+00:00,8.90421517852e-07
case_009,2012-01-29T06:35:00+00:00,8.7310905883e-07
case_009,2012-01-29T06:36:00+00:00,8.61091564275e-07
case_009,2012-01-29T06:37:00+00:00,8.5161775587e-07
case_009,2012-01-29T06:38:00+00:00,8.39029212329e-07
case_009,2012-01-29T06:39:00+00:00,8.30334045077e-07
case_009,2012-01-29T06:40:00+00:00,8.17356237803e-07
case_009,2012-01-29T06:41:00+00:00,8.07891638033e-07
case_009,2012-01-29T06:42:00+00:00,7.95955713784e-07
case_009,2012-01-29T06:43:00+00:00,7.84262681464e-07
case_009,2012-01-29T06:44:00+00:00,7.78292871928e-07
case_009,2012-01-29T06:45:00+00:00,7.67979827287e-07
case_009,2012-01-29T06:46:00+00:00,7.55062558255e-07
case_009,2012-01-29T06:47:00+00:00,7.43901580336e-07
case_009,2012-01-29T06:48:00+00:00,7.36652509659e-07
case_009,2012-01-29T06:49:00+00:00,7.23318748896e-07
case_009,2012-01-29T06:50:00+00:00,7.18465003047e-07
case_009,2012-01-29T06:51:00+00:00,7.1132717494e-07
case_009,2012-01-29T06:52:00+00:00,7.0639561045e-07
case_009,2012-01-29T06:53:00+00:00,7.03021385107e-07
case_009,2012-01-29T06:54:00+00:00,7.08212496647e-07
case_009,2012-01-29T06:55:00+00:00,6.92582830197e-07
case_009,2012-01-29T06:56:00+00:00,6.72523412959e-07
case_009,2012-01-29T06:57:00+00:00,6.76416789247e-07
case_009,2012-01-29T06:58:00+00:00,6.71485167913e-07
case_009,2012-01-29T06:59:00+00:00,6.64230583425e-07
case_009,2012-01-29T07:00:00+00:00,6.60843340938e-07
case_009,2012-01-29T07:01:00+00:00,6.61232718357e-07
case_009,2012-01-29T07:02:00+00:00,6.50932634016e-07
case_009,2012-01-29T07:03:00+00:00,6.4617836415e-07
case_009,2012-01-29T07:04:00+00:00,6.39429913463e-07
case_010,2012-01-29T05:04:00+00:00,8.11888185126e-07
case_010,2012-01-29T05:05:00+00:00,8.09439711702e-07
case_010,2012-01-29T05:06:00+00:00,8.20470916096e-07
case_010,2012-01-29T05:07:00+00:00,8.08160450561e-07
case_010,2012-01-29T05:08:00+00:00,8.03984676168e-07
case_010,2012-01-29T05:09:00+00:00,8.02042336545e-07
case_010,2012-01-29T05:10:00+00:00,7.97759639681e-07
case_010,2012-01-29T05:11:00+00:00,7.97629866156e-07
case_010,2012-01-29T05:12:00+00:00,7.98797884727e-07
case_010,2012-01-29T05:13:00+00:00,8.03340128641e-07
case_010,2012-01-29T05:14:00+00:00,7.97084794613e-07
case_010,2012-01-29T05:15:00+00:00,7.94125867287e-07
case_010,2012-01-29T05:16:00+00:00,8.01263695394e-07
case_010,2012-01-29T05:17:00+00:00,8.01574230991e-07
case_010,2012-01-29T05:18:00+00:00,7.94073969246e-07
case_010,2012-01-29T05:19:00+00:00,7.92299715613e-07
case_010,2012-01-29T05:20:00+00:00,7.89194245954e-07
case_010,2012-01-29T05:21:00+00:00,7.90184913058e-07
case_010,2012-01-29T05:22:00+00:00,7.89583623373e-07
case_010,2012-01-29T05:23:00+00:00,7.93217395767e-07
case_010,2012-01-29T05:24:00+00:00,7.94255640812e-07
case_010,2012-01-29T05:25:00+00:00,7.90310366483e-07
case_010,2012-01-29T05:26:00+00:00,7.86988039181e-07
case_010,2012-01-29T05:27:00+00:00,7.84522228514e-07
case_010,2012-01-29T05:28:00+00:00,7.81407550221e-07
case_010,2012-01-29T05:29:00+00:00,7.78033324877e-07
case_010,2012-01-29T05:30:00+00:00,7.74010175064e-07
case_010,2012-01-29T05:31:00+00:00,7.70739802647e-07
case_010,2012-01-29T05:32:00+00:00,7.73885062699e-07
case_010,2012-01-29T05:33:00+00:00,7.68040365529e-07
case_010,2012-01-29T05:34:00+00:00,7.61787873671e-07
case_010,2012-01-29T05:35:00+00:00,7.63238574564e-07
case_010,2012-01-29T05:36:00+00:00,7.60902594266e-07
case_010,2012-01-29T05:37:00+00:00,7.61421688367e-07
case_010,2012-01-29T05:38:00+00:00,7.68559516473e-07
case_010,2012-01-29T05:39:00+00:00,7.85041379459e-07
case_010,2012-01-29T05:40:00+00:00,8.02691204171e-07
case_010,2012-01-29T05:41:00+00:00,8.05364663847e-07
case_010,2012-01-29T05:42:00+00:00,8.15409521238e-07
case_010,2012-01-29T05:43:00+00:00,8.44479927764e-07
case_010,2012-01-29T05:44:00+00:00,8.71084523624e-07
case_010,2012-01-29T05:45:00+00:00,8.96317772003e-07
case_010,2012-01-29T05:46:00+00:00,9.22606545828e-07
case_010,2012-01-29T05:47:00+00:00,9.50249386733e-07
case_010,2012-01-29T05:48:00+00:00,9.68829340309e-07
case_010,2012-01-29T05:49:00+00:00,9.74907266027e-07
case_010,2012-01-29T05:50:00+00:00,9.78462253443e-07
case_010,2012-01-29T05:51:00+00:00,9.84259941106e-07
case_010,2012-01-29T05:52:00+00:00,9.91231559055e-07
case_010,2012-01-29T05:53:00+00:00,9.98007863018e-07
case_010,2012-01-29T05:54:00+00:00,1.00670308711e-06
case_010,2012-01-29T05:55:00+00:00,1.01662681118e-06
case_010,2012-01-29T05:56:00+00:00,1.02746753328e-06
case_010,2012-01-29T05:57:00+00:00,1.03979652977e-06
case_010,2012-01-29T05:58:00+00:00,1.05413710116e-06
case_010,2012-01-29T05:59:00+00:00,1.07574521735e-06
case_010,2012-01-29T06:00:00+00:00,1.09567076834e-06
case_010,2012-01-29T06:01:00+00:00,1.09326526854e-06
case_010,2012-01-29T06:02:00+00:00,1.09553639049e-06
case_010,2012-01-29T06:03:00+00:00,1.09988400254e-06
case_010,2012-01-29T06:04:00+00:00,1.11368217404e-06
case_010,2012-01-29T06:05:00+00:00,1.10544715426e-06
case_010,2012-01-29T06:06:00+00:00,1.10234975637e-06
case_010,2012-01-29T06:07:00+00:00,1.10105190743e-06
case_010,2012-01-29T06:08:00+00:00,1.09716722818e-06
case_010,2012-01-29T06:09:00+00:00,1.09298252937e-06
case_010,2012-01-29T06:10:00+00:00,1.08664653453e-06
case_010,2012-01-29T06:11:00+00:00,1.07301980279e-06
case_010,2012-01-29T06:12:00+00:00,1.07057132936e-06
case_010,2012-01-29T06:13:00+00:00,1.07418782136e-06
case_010,2012-01-29T06:14:00+00:00,1.07392827431e-06
case_010,2012-01-29T06:15:00+00:00,1.06505149233e-06
case_010,2012-01-29T06:16:00+00:00,1.05614867607e-06
case_010,2012-01-29T06:17:00+00:00,1.04641526377e-06
case_010,2012-01-29T06:18:00+00:00,1.03481738734e-06
case_010,2012-01-29T06:19:00+00:00,1.03071204194e-06
case_010,2012-01-29T06:20:00+00:00,1.02396359125e-06
case_010,2012-01-29T06:21:00+00:00,1.00929855762e-06
case_010,2012-01-29T06:22:00+00:00,9.94374090624e-07
case_010,2012-01-29T06:23:00+00:00,9.83083282335e-07
case_010,2012-01-29T06:24:00+00:00,9.76594378699e-07
case_010,2012-01-29T06:25:00+00:00,9.6870383004e-07
case_010,2012-01-29T06:26:00+00:00,9.58031478149e-07
case_010,2012-01-29T06:27:00+00:00,9.51714014263e-07
case_010,2012-01-29T06:28:00+00:00,9.42860651776e-07
case_010,2012-01-29T06:29:00+00:00,9.37271522616e-07
case_010,2012-01-29T06:30:00+00:00,9.32729278702e-07
case_010,2012-01-29T06:31:00+00:00,9.19232320484e-07
case_010,2012-01-29T06:32:00+00:00,9.19024671475e-07
case_010,2012-01-29T06:33:00+00:00,9.02231363398e-07
case_010,2012-01-29T06:34:00+00:00,8.90421517852e-07
case_010,2012-01-29T06:35:00+00:00,8.7310905883e-07
case_010,2012-01-29T06:36:00+00:00,8.61091564275e-07
case_010,2012-01-29T06:37:00+00:00,8.5161775587e-07
case_010,2012-01-29T06:38:00+00:00,8.39029212329e-07
case_010,2012-01-29T06:39:00+00:00,8.30334045077e-07
case_010,2012-01-29T06:40:00+00:00,8.17356237803e-07
case_010,2012-01-29T06:41:00+00:00,8.07891638033e-07
case_010,2012-01-29T06:42:00+00:00,7.95955713784e-07
case_010,2012-01-29T06:43:00+00:00,7.84262681464e-07
case_010,2012-01-29T06:44:00+00:00,7.78292871928e-07
case_010,2012-01-29T06:45:00+00:00,7.67979827287e-07
case_010,2012-01-29T06:46:00+00:00,7.55062558255e-07
case_010,2012-01-29T06:47:00+00:00,7.43901580336e-07
case_010,2012-01-29T06:48:00+00:00,7.36652509659e-07
case_010,2012-01-29T06:49:00+00:00,7.23318748896e-07
case_010,2012-01-29T06:50:00+00:00,7.18465003047e-07
case_010,2012-01-29T06:51:00+00:00,7.1132717494e-07
case_010,2012-01-29T06:52:00+00:00,7.0639561045e-07
case_010,2012-01-29T06:53:00+00:00,7.03021385107e-07
case_010,2012-01-29T06:54:00+00:00,7.08212496647e-07
case_010,2012-01-29T06:55:00+00:00,6.92582830197e-07
case_010,2012-01-29T06:56:00+00:00,6.72523412959e-07
case_010,2012-01-29T06:57:00+00:00,6.76416789247e-07
case_010,2012-01-29T06:58:00+00:00,6.71485167913e-07
case_010,2012-01-29T06:59:00+00:00,6.64230583425e-07
case_010,2012-01-29T07:00:00+00:00,6.60843340938e-07
case_010,2012-01-29T07:01:00+00:00,6.61232718357e-07
case_010,2012-01-29T07:02:00+00:00,6.50932634016e-07
case_010,2012-01-29T07:03:00+00:00,6.4617836415e-07
case_010,2012-01-29T07:04:00+00:00,6.39429913463e-07
case_011,2014-10-14T20:21:00+00:00,2.49426793744e-05
case_011,2014-10-14T20:22:00+00:00,2.52188474406e-05
case_011,2014-10-14T20:23:00+00:00,2.54937876889e-05
case_011,2014-10-14T20:24:00+00:00,2.57203118963e-05
case_011,2014-10-14T20:25:00+00:00,2.59232856479e-05
case_011,2014-10-14T20:26:00+00:00,2.613612196e-05
case_011,2014-10-14T20:27:00+00:00,2.63543915935e-05
case_011,2014-10-14T20:28:00+00:00,2.65659473371e-05
case_011,2014-10-14T20:29:00+00:00,2.67985105893e-05
case_011,2014-10-14T20:30:00+00:00,2.70002219622e-05
case_011,2014-10-14T20:31:00+00:00,2.71660428552e-05
case_011,2014-10-14T20:32:00+00:00,2.73259302048e-05
case_011,2014-10-14T20:33:00+00:00,2.75070487987e-05
case_011,2014-10-14T20:34:00+00:00,2.77199378615e-05
case_011,2014-10-14T20:35:00+00:00,2.7924988899e-05
case_011,2014-10-14T20:36:00+00:00,2.8098891562e-05
case_011,2014-10-14T20:37:00+00:00,2.82733144559e-05
case_011,2014-10-14T20:38:00+00:00,2.84171092062e-05
case_011,2014-10-14T20:39:00+00:00,2.8573362215e-05
case_011,2014-10-14T20:40:00+00:00,2.8712398489e-05
case_011,2014-10-14T20:41:00+00:00,2.88542032649e-05
case_011,2014-10-14T20:42:00+00:00,2.89933250315e-05
case_011,2014-10-14T20:43:00+00:00,2.91641135846e-05
case_011,2014-10-14T20:44:00+00:00,2.93231005344e-05
case_011,2014-10-14T20:45:00+00:00,2.94636429317e-05
case_011,2014-10-14T20:46:00+00:00,2.96152229566e-05
case_011,2014-10-14T20:47:00+00:00,2.97466285701e-05
case_011,2014-10-14T20:48:00+00:00,2.98550530715e-05
case_011,2014-10-14T20:49:00+00:00,2.99500516121e-05
case_011,2014-10-14T20:50:00+00:00,3.004671089e-05
case_011,2014-10-14T20:51:00+00:00,3.01660038531e-05
case_011,2014-10-14T20:52:00+00:00,3.02569405903e-05
case_011,2014-10-14T20:53:00+00:00,3.03746874124e-05
case_011,2014-10-14T20:54:00+00:00,3.05294524878e-05
case_011,2014-10-14T20:55:00+00:00,3.06711008307e-05
case_011,2014-10-14T20:56:00+00:00,3.07671361952e-05
case_011,2014-10-14T20:57:00+00:00,3.08867420244e-05
case_011,2014-10-14T20:58:00+00:00,3.10163122776e-05
case_011,2014-10-14T20:59:00+00:00,3.11185758619e-05
case_011,2014-10-14T21:00:00+00:00,3.1190837035e-05
case_011,2014-10-14T21:01:00+00:00,3.12810589094e-05
case_011,2014-10-14T21:02:00+00:00,3.13859200105e-05
case_011,2014-10-14T21:03:00+00:00,3.14814387821e-05
case_011,2014-10-14T21:04:00+00:00,3.15546494676e-05
case_011,2014-10-14T21:05:00+00:00,3.1656378269e-05
case_011,2014-10-14T21:06:00+00:00,3.17778540193e-05
case_011,2014-10-14T21:07:00+00:00,3.18773127219e-05
case_011,2014-10-14T21:08:00+00:00,3.19315113302e-05
case_011,2014-10-14T21:09:00+00:00,3.20150866173e-05
case_011,2014-10-14T21:10:00+00:00,3.21447805618e-05
case_011,2014-10-14T21:11:00+00:00,3.22663399857e-05
case_011,2014-10-14T21:12:00+00:00,3.23509520967e-05
case_011,2014-10-14T21:13:00+00:00,3.24397224176e-05
case_011,2014-10-14T21:14:00+00:00,3.2499057852e-05
case_011,2014-10-14T21:15:00+00:00,3.2495267078e-05
case_011,2014-10-14T21:16:00+00:00,3.25193432218e-05
case_011,2014-10-14T21:17:00+00:00,3.25765286107e-05
case_011,2014-10-14T21:18:00+00:00,3.26067238348e-05
case_011,2014-10-14T21:19:00+00:00,3.26582703565e-05
case_011,2014-10-14T21:20:00+00:00,3.26977205987e-05
case_011,2014-10-14T21:21:00+00:00,3.27133311657e-05
case_011,2014-10-14T21:22:00+00:00,3.26852641592e-05
case_011,2014-10-14T21:23:00+00:00,3.26214139932e-05
case_011,2014-10-14T21:24:00+00:00,3.25893852278e-05
case_011,2014-10-14T21:25:00+00:00,3.25954570144e-05
case_011,2014-10-14T21:26:00+00:00,3.26001281792e-05
case_011,2014-10-14T21:27:00+00:00,3.25923938362e-05
case_011,2014-10-14T21:28:00+00:00,3.25814398821e-05
case_011,2014-10-14T21:29:00+00:00,3.25778091792e-05
case_011,2014-10-14T21:30:00+00:00,3.25643086398e-05
case_011,2014-10-14T21:31:00+00:00,3.25216387864e-05
case_011,2014-10-14T21:32:00+00:00,3.24661959894e-05
case_011,2014-10-14T21:33:00+00:00,3.24350512528e-05
case_011,2014-10-14T21:34:00+00:00,3.24448628817e-05
case_011,2014-10-14T21:35:00+00:00,3.24381653627e-05
case_011,2014-10-14T21:36:00+00:00,3.23836575262e-05
case_011,2014-10-14T21:37:00+00:00,3.23169006151e-05
case_011,2014-10-14T21:38:00+00:00,3.22258456436e-05
case_011,2014-10-14T21:39:00+00:00,3.21661500493e-05
case_011,2014-10-14T21:40:00+00:00,3.21194311255e-05
case_011,2014-10-14T21:41:00+00:00,3.20730214298e-05
case_011,2014-10-14T21:42:00+00:00,3.20140497934e-05
case_011,2014-10-14T21:43:00+00:00,3.1957464671e-05
case_011,2014-10-14T21:44:00+00:00,3.19204700645e-05
case_011,2014-10-14T21:45:00+00:00,3.19024366036e-05
case_011,2014-10-14T21:46:00+00:00,3.18588317896e-05
case_011,2014-10-14T21:47:00+00:00,3.17892736348e-05
case_011,2014-10-14T21:48:00+00:00,3.1694653444e-05
case_011,2014-10-14T21:49:00+00:00,3.15977194987e-05
case_011,2014-10-14T21:50:00+00:00,3.1504798244e-05
case_011,2014-10-14T21:51:00+00:00,3.14196622639e-05
case_011,2014-10-14T21:52:00+00:00,3.13599666697e-05
case_011,2014-10-14T21:53:00+00:00,3.13090931741e-05
case_011,2014-10-14T21:54:00+00:00,3.12289739668e-05
case_011,2014-10-14T21:55:00+00:00,3.11274015985e-05
case_011,2014-10-14T21:56:00+00:00,3.09804927383e-05
case_011,2014-10-14T21:57:00+00:00,3.08678463625e-05
case_011,2014-10-14T21:58:00+00:00,3.07798545691e-05
case_011,2014-10-14T21:59:00+00:00,3.07043264911e-05
case_011,2014-10-14T22:00:00+00:00,3.06134788843e-05
case_011,2014-10-14T22:01:00+00:00,3.05404937535e-05
case_011,2014-10-14T22:02:00+00:00,3.04603399854e-05
case_011,2014-10-14T22:03:00+00:00,3.03767628793e-05
case_011,2014-10-14T22:04:00+00:00,3.02670050587e-05
case_011,2014-10-14T22:05:00+00:00,3.01654836221e-05
case_011,2014-10-14T22:06:00+00:00,3.00616611639e-05
case_011,2014-10-14T22:07:00+00:00,2.99645871564e-05
case_011,2014-10-14T22:08:00+00:00,2.98645536532e-05
case_011,2014-10-14T22:09:00+00:00,2.97475980915e-05
case_011,2014-10-14T22:10:00+00:00,2.96479283861e-05
case_011,2014-10-14T22:11:00+00:00,2.95604568237e-05
case_011,2014-10-14T22:12:00+00:00,2.94792152999e-05
case_011,2014-10-14T22:13:00+00:00,2.93935609079e-05
case_011,2014-10-14T22:14:00+00:00,2.92789409286e-05
case_011,2014-10-14T22:15:00+00:00,2.91734577331e-05
case_011,2014-10-14T22:16:00+00:00,2.90275856969e-05
case_011,2014-10-14T22:17:00+00:00,2.88754854409e-05
case_011,2014-10-14T22:18:00+00:00,2.87505354208e-05
case_011,2014-10-14T22:19:00+00:00,2.86340982711e-05
case_011,2014-10-14T22:20:00+00:00,2.85427340714e-05
case_011,2014-10-14T22:21:00+00:00,2.8450453101e-05
case_012,2014-10-14T20:21:00+00:00,2.49426793744e-05
case_012,2014-10-14T20:22:00+00:00,2.52188474406e-05
case_012,2014-10-14T20:23:00+00:00,2.54937876889e-05
case_012,2014-10-14T20:24:00+00:00,2.57203118963e-05
case_012,2014-10-14T20:25:00+00:00,2.59232856479e-05
case_012,2014-10-14T20:26:00+00:00,2.613612196e-05
case_012,2014-10-14T20:27:00+00:00,2.63543915935e-05
case_012,2014-10-14T20:28:00+00:00,2.65659473371e-05
case_012,2014-10-14T20:29:00+00:00,2.67985105893e-05
case_012,2014-10-14T20:30:00+00:00,2.70002219622e-05
case_012,2014-10-14T20:31:00+00:00,2.71660428552e-05
case_012,2014-10-14T20:32:00+00:00,2.73259302048e-05
case_012,2014-10-14T20:33:00+00:00,2.75070487987e-05
case_012,2014-10-14T20:34:00+00:00,2.77199378615e-05
case_012,2014-10-14T20:35:00+00:00,2.7924988899e-05
case_012,2014-10-14T20:36:00+00:00,2.8098891562e-05
case_012,2014-10-14T20:37:00+00:00,2.82733144559e-05
case_012,2014-10-14T20:38:00+00:00,2.84171092062e-05
case_012,2014-10-14T20:39:00+00:00,2.8573362215e-05
case_012,2014-10-14T20:40:00+00:00,2.8712398489e-05
case_012,2014-10-14T20:41:00+00:00,2.88542032649e-05
case_012,2014-10-14T20:42:00+00:00,2.89933250315e-05
case_012,2014-10-14T20:43:00+00:00,2.91641135846e-05
case_012,2014-10-14T20:44:00+00:00,2.93231005344e-05
case_012,2014-10-14T20:45:00+00:00,2.94636429317e-05
case_012,2014-10-14T20:46:00+00:00,2.96152229566e-05
case_012,2014-10-14T20:47:00+00:00,2.97466285701e-05
case_012,2014-10-14T20:48:00+00:00,2.98550530715e-05
case_012,2014-10-14T20:49:00+00:00,2.99500516121e-05
case_012,2014-10-14T20:50:00+00:00,3.004671089e-05
case_012,2014-10-14T20:51:00+00:00,3.01660038531e-05
case_012,2014-10-14T20:52:00+00:00,3.02569405903e-05
case_012,2014-10-14T20:53:00+00:00,3.03746874124e-05
case_012,2014-10-14T20:54:00+00:00,3.05294524878e-05
case_012,2014-10-14T20:55:00+00:00,3.06711008307e-05
case_012,2014-10-14T20:56:00+00:00,3.07671361952e-05
case_012,2014-10-14T20:57:00+00:00,3.08867420244e-05
case_012,2014-10-14T20:58:00+00:00,3.10163122776e-05
case_012,2014-10-14T20:59:00+00:00,3.11185758619e-05
case_012,2014-10-14T21:00:00+00:00,3.1190837035e-05
case_012,2014-10-14T21:01:00+00:00,3.12810589094e-05
case_012,2014-10-14T21:02:00+00:00,3.13859200105e-05
case_012,2014-10-14T21:03:00+00:00,3.14814387821e-05
case_012,2014-10-14T21:04:00+00:00,3.15546494676e-05
case_012,2014-10-14T21:05:00+00:00,3.1656378269e-05
case_012,2014-10-14T21:06:00+00:00,3.17778540193e-05
case_012,2014-10-14T21:07:00+00:00,3.18773127219e-05
case_012,2014-10-14T21:08:00+00:00,3.19315113302e-05
case_012,2014-10-14T21:09:00+00:00,3.20150866173e-05
case_012,2014-10-14T21:10:00+00:00,3.21447805618e-05
case_012,2014-10-14T21:11:00+00:00,3.22663399857e-05
case_012,2014-10-14T21:12:00+00:00,3.23509520967e-05
case_012,2014-10-14T21:13:00+00:00,3.24397224176e-05
case_012,2014-10-14T21:14:00+00:00,3.2499057852e-05
case_012,2014-10-14T21:15:00+00:00,3.2495267078e-05
case_012,2014-10-14T21:16:00+00:00,3.25193432218e-05
case_012,2014-10-14T21:17:00+00:00,3.25765286107e-05
case_012,2014-10-14T21:18:00+00:00,3.26067238348e-05
case_012,2014-10-14T21:19:00+00:00,3.26582703565e-05
case_012,2014-10-14T21:20:00+00:00,3.26977205987e-05
case_012,2014-10-14T21:21:00+00:00,3.27133311657e-05
case_012,2014-10-14T21:22:00+00:00,3.26852641592e-05
case_012,2014-10-14T21:23:00+00:00,3.26214139932e-05
case_012,2014-10-14T21:24:00+00:00,3.25893852278e-05
case_012,2014-10-14T21:25:00+00:00,3.25954570144e-05
case_012,2014-10-14T21:26:00+00:00,3.26001281792e-05
case_012,2014-10-14T21:27:00+00:00,3.25923938362e-05
case_012,2014-10-14T21:28:00+00:00,3.25814398821e-05
case_012,2014-10-14T21:29:00+00:00,3.25778091792e-05
case_012,2014-10-14T21:30:00+00:00,3.25643086398e-05
case_012,2014-10-14T21:31:00+00:00,3.25216387864e-05
case_012,2014-10-14T21:32:00+00:00,3.24661959894e-05
case_012,2014-10-14T21:33:00+00:00,3.24350512528e-05
case_012,2014-10-14T21:34:00+00:00,3.24448628817e-05
case_012,2014-10-14T21:35:00+00:00,3.24381653627e-05
case_012,2014-10-14T21:36:00+00:00,3.23836575262e-05
case_012,2014-10-14T21:37:00+00:00,3.23169006151e-05
case_012,2014-10-14T21:38:00+00:00,3.22258456436e-05
case_012,2014-10-14T21:39:00+00:00,3.21661500493e-05
case_012,2014-10-14T21:40:00+00:00,3.21194311255e-05
case_012,2014-10-14T21:41:00+00:00,3.20730214298e-05
case_012,2014-10-14T21:42:00+00:00,3.20140497934e-05
case_012,2014-10-14T21:43:00+00:00,3.1957464671e-05
case_012,2014-10-14T21:44:00+00:00,3.19204700645e-05
case_012,2014-10-14T21:45:00+00:00,3.19024366036e-05
case_012,2014-10-14T21:46:00+00:00,3.18588317896e-05
case_012,2014-10-14T21:47:00+00:00,3.17892736348e-05
case_012,2014-10-14T21:48:00+00:00,3.1694653444e-05
case_012,2014-10-14T21:49:00+00:00,3.15977194987e-05
case_012,2014-10-14T21:50:00+00:00,3.1504798244e-05
case_012,2014-10-14T21:51:00+00:00,3.14196622639e-05
case_012,2014-10-14T21:52:00+00:00,3.13599666697e-05
case_012,2014-10-14T21:53:00+00:00,3.13090931741e-05
case_012,2014-10-14T21:54:00+00:00,3.12289739668e-05
case_012,2014-10-14T21:55:00+00:00,3.11274015985e-05
case_012,2014-10-14T21:56:00+00:00,3.09804927383e-05
case_012,2014-10-14T21:57:00+00:00,3.08678463625e-05
case_012,2014-10-14T21:58:00+00:00,3.07798545691e-05
case_012,2014-10-14T21:59:00+00:00,3.07043264911e-05
case_012,2014-10-14T22:00:00+00:00,3.06134788843e-05
case_012,2014-10-14T22:01:00+00:00,3.05404937535e-05
case_012,2014-10-14T22:02:00+00:00,3.04603399854e-05
case_012,2014-10-14T22:03:00+00:00,3.03767628793e-05
case_012,2014-10-14T22:04:00+00:00,3.02670050587e-05
case_012,2014-10-14T22:05:00+00:00,3.01654836221e-05
case_012,2014-10-14T22:06:00+00:00,3.00616611639e-05
case_012,2014-10-14T22:07:00+00:00,2.99645871564e-05
case_012,2014-10-14T22:08:00+00:00,2.98645536532e-05
case_012,2014-10-14T22:09:00+00:00,2.97475980915e-05
case_012,2014-10-14T22:10:00+00:00,2.96479283861e-05
case_012,2014-10-14T22:11:00+00:00,2.95604568237e-05
case_012,2014-10-14T22:12:00+00:00,2.94792152999e-05
case_012,2014-10-14T22:13:00+00:00,2.93935609079e-05
case_012,2014-10-14T22:14:00+00:00,2.92789409286e-05
case_012,2014-10-14T22:15:00+00:00,2.91734577331e-05
case_012,2014-10-14T22:16:00+00:00,2.90275856969e-05
case_012,2014-10-14T22:17:00+00:00,2.88754854409e-05
case_012,2014-10-14T22:18:00+00:00,2.87505354208e-05
case_012,2014-10-14T22:19:00+00:00,2.86340982711e-05
case_012,2014-10-14T22:20:00+00:00,2.85427340714e-05
case_012,2014-10-14T22:21:00+00:00,2.8450453101e-05
case_013,2014-10-14T20:21:00+00:00,2.49426793744e-05
case_013,2014-10-14T20:22:00+00:00,2.52188474406e-05
case_013,2014-10-14T20:23:00+00:00,2.54937876889e-05
case_013,2014-10-14T20:24:00+00:00,2.57203118963e-05
case_013,2014-10-14T20:25:00+00:00,2.59232856479e-05
case_013,2014-10-14T20:26:00+00:00,2.613612196e-05
case_013,2014-10-14T20:27:00+00:00,2.63543915935e-05
case_013,2014-10-14T20:28:00+00:00,2.65659473371e-05
case_013,2014-10-14T20:29:00+00:00,2.67985105893e-05
case_013,2014-10-14T20:30:00+00:00,2.70002219622e-05
case_013,2014-10-14T20:31:00+00:00,2.71660428552e-05
case_013,2014-10-14T20:32:00+00:00,2.73259302048e-05
case_013,2014-10-14T20:33:00+00:00,2.75070487987e-05
case_013,2014-10-14T20:34:00+00:00,2.77199378615e-05
case_013,2014-10-14T20:35:00+00:00,2.7924988899e-05
case_013,2014-10-14T20:36:00+00:00,2.8098891562e-05
case_013,2014-10-14T20:37:00+00:00,2.82733144559e-05
case_013,2014-10-14T20:38:00+00:00,2.84171092062e-05
case_013,2014-10-14T20:39:00+00:00,2.8573362215e-05
case_013,2014-10-14T20:40:00+00:00,2.8712398489e-05
case_013,2014-10-14T20:41:00+00:00,2.88542032649e-05
case_013,2014-10-14T20:42:00+00:00,2.89933250315e-05
case_013,2014-10-14T20:43:00+00:00,2.91641135846e-05
case_013,2014-10-14T20:44:00+00:00,2.93231005344e-05
case_013,2014-10-14T20:45:00+00:00,2.94636429317e-05
case_013,2014-10-14T20:46:00+00:00,2.96152229566e-05
case_013,2014-10-14T20:47:00+00:00,2.97466285701e-05
case_013,2014-10-14T20:48:00+00:00,2.98550530715e-05
case_013,2014-10-14T20:49:00+00:00,2.99500516121e-05
case_013,2014-10-14T20:50:00+00:00,3.004671089e-05
case_013,2014-10-14T20:51:00+00:00,3.01660038531e-05
case_013,2014-10-14T20:52:00+00:00,3.02569405903e-05
case_013,2014-10-14T20:53:00+00:00,3.03746874124e-05
case_013,2014-10-14T20:54:00+00:00,3.05294524878e-05
case_013,2014-10-14T20:55:00+00:00,3.06711008307e-05
case_013,2014-10-14T20:56:00+00:00,3.07671361952e-05
case_013,2014-10-14T20:57:00+00:00,3.08867420244e-05
case_013,2014-10-14T20:58:00+00:00,3.10163122776e-05
case_013,2014-10-14T20:59:00+00:00,3.11185758619e-05
case_013,2014-10-14T21:00:00+00:00,3.1190837035e-05
case_013,2014-10-14T21:01:00+00:00,3.12810589094e-05
case_013,2014-10-14T21:02:00+00:00,3.13859200105e-05
case_013,2014-10-14T21:03:00+00:00,3.14814387821e-05
case_013,2014-10-14T21:04:00+00:00,3.15546494676e-05
case_013,2014-10-14T21:05:00+00:00,3.1656378269e-05
case_013,2014-10-14T21:06:00+00:00,3.17778540193e-05
case_013,2014-10-14T21:07:00+00:00,3.18773127219e-05
case_013,2014-10-14T21:08:00+00:00,3.19315113302e-05
case_013,2014-10-14T21:09:00+00:00,3.20150866173e-05
case_013,2014-10-14T21:10:00+00:00,3.21447805618e-05
case_013,2014-10-14T21:11:00+00:00,3.22663399857e-05
case_013,2014-10-14T21:12:00+00:00,3.23509520967e-05
case_013,2014-10-14T21:13:00+00:00,3.24397224176e-05
case_013,2014-10-14T21:14:00+00:00,3.2499057852e-05
case_013,2014-10-14T21:15:00+00:00,3.2495267078e-05
case_013,2014-10-14T21:16:00+00:00,3.25193432218e-05
case_013,2014-10-14T21:17:00+00:00,3.25765286107e-05
case_013,2014-10-14T21:18:00+00:00,3.26067238348e-05
case_013,2014-10-14T21:19:00+00:00,3.26582703565e-05
case_013,2014-10-14T21:20:00+00:00,3.26977205987e-05
case_013,2014-10-14T21:21:00+00:00,3.27133311657e-05
case_013,2014-10-14T21:22:00+00:00,3.26852641592e-05
case_013,2014-10-14T21:23:00+00:00,3.26214139932e-05
case_013,2014-10-14T21:24:00+00:00,3.25893852278e-05
case_013,2014-10-14T21:25:00+00:00,3.25954570144e-05
case_013,2014-10-14T21:26:00+00:00,3.26001281792e-05
case_013,2014-10-14T21:27:00+00:00,3.25923938362e-05
case_013,2014-10-14T21:28:00+00:00,3.25814398821e-05
case_013,2014-10-14T21:29:00+00:00,3.25778091792e-05
case_013,2014-10-14T21:30:00+00:00,3.25643086398e-05
case_013,2014-10-14T21:31:00+00:00,3.25216387864e-05
case_013,2014-10-14T21:32:00+00:00,3.24661959894e-05
case_013,2014-10-14T21:33:00+00:00,3.24350512528e-05
case_013,2014-10-14T21:34:00+00:00,3.24448628817e-05
case_013,2014-10-14T21:35:00+00:00,3.24381653627e-05
case_013,2014-10-14T21:36:00+00:00,3.23836575262e-05
case_013,2014-10-14T21:37:00+00:00,3.23169006151e-05
case_013,2014-10-14T21:38:00+00:00,3.22258456436e-05
case_013,2014-10-14T21:39:00+00:00,3.21661500493e-05
case_013,2014-10-14T21:40:00+00:00,3.21194311255e-05
case_013,2014-10-14T21:41:00+00:00,3.20730214298e-05
case_013,2014-10-14T21:42:00+00:00,3.20140497934e-05
case_013,2014-10-14T21:43:00+00:00,3.1957464671e-05
case_013,2014-10-14T21:44:00+00:00,3.19204700645e-05
case_013,2014-10-14T21:45:00+00:00,3.19024366036e-05
case_013,2014-10-14T21:46:00+00:00,3.18588317896e-05
case_013,2014-10-14T21:47:00+00:00,3.17892736348e-05
case_013,2014-10-14T21:48:00+00:00,3.1694653444e-05
case_013,2014-10-14T21:49:00+00:00,3.15977194987e-05
case_013,2014-10-14T21:50:00+00:00,3.1504798244e-05
case_013,2014-10-14T21:51:00+00:00,3.14196622639e-05
case_013,2014-10-14T21:52:00+00:00,3.13599666697e-05
case_013,2014-10-14T21:53:00+00:00,3.13090931741e-05
case_013,2014-10-14T21:54:00+00:00,3.12289739668e-05
case_013,2014-10-14T21:55:00+00:00,3.11274015985e-05
case_013,2014-10-14T21:56:00+00:00,3.09804927383e-05
case_013,2014-10-14T21:57:00+00:00,3.08678463625e-05
case_013,2014-10-14T21:58:00+00:00,3.07798545691e-05
case_013,2014-10-14T21:59:00+00:00,3.07043264911e-05
case_013,2014-10-14T22:00:00+00:00,3.06134788843e-05
case_013,2014-10-14T22:01:00+00:00,3.05404937535e-05
case_013,2014-10-14T22:02:00+00:00,3.04603399854e-05
case_013,2014-10-14T22:03:00+00:00,3.03767628793e-05
case_013,2014-10-14T22:04:00+00:00,3.02670050587e-05
case_013,2014-10-14T22:05:00+00:00,3.01654836221e-05
case_013,2014-10-14T22:06:00+00:00,3.00616611639e-05
case_013,2014-10-14T22:07:00+00:00,2.99645871564e-05
case_013,2014-10-14T22:08:00+00:00,2.98645536532e-05
case_013,2014-10-14T22:09:00+00:00,2.97475980915e-05
case_013,2014-10-14T22:10:00+00:00,2.96479283861e-05
case_013,2014-10-14T22:11:00+00:00,2.95604568237e-05
case_013,2014-10-14T22:12:00+00:00,2.94792152999e-05
case_013,2014-10-14T22:13:00+00:00,2.93935609079e-05
case_013,2014-10-14T22:14:00+00:00,2.92789409286e-05
case_013,2014-10-14T22:15:00+00:00,2.91734577331e-05
case_013,2014-10-14T22:16:00+00:00,2.90275856969e-05
case_013,2014-10-14T22:17:00+00:00,2.88754854409e-05
case_013,2014-10-14T22:18:00+00:00,2.87505354208e-05
case_013,2014-10-14T22:19:00+00:00,2.86340982711e-05
case_013,2014-10-14T22:20:00+00:00,2.85427340714e-05
case_013,2014-10-14T22:21:00+00:00,2.8450453101e-05
case_014,2014-10-14T21:00:00+00:00,3.1190837035e-05
case_014,2014-10-14T21:01:00+00:00,3.12810589094e-05
case_014,2014-10-14T21:02:00+00:00,3.13859200105e-05
case_014,2014-10-14T21:03:00+00:00,3.14814387821e-05
case_014,2014-10-14T21:04:00+00:00,3.15546494676e-05
case_014,2014-10-14T21:05:00+00:00,3.1656378269e-05
case_014,2014-10-14T21:06:00+00:00,3.17778540193e-05
case_014,2014-10-14T21:07:00+00:00,3.18773127219e-05
case_014,2014-10-14T21:08:00+00:00,3.19315113302e-05
case_014,2014-10-14T21:09:00+00:00,3.20150866173e-05
case_014,2014-10-14T21:10:00+00:00,3.21447805618e-05
case_014,2014-10-14T21:11:00+00:00,3.22663399857e-05
case_014,2014-10-14T21:12:00+00:00,3.23509520967e-05
case_014,2014-10-14T21:13:00+00:00,3.24397224176e-05
case_014,2014-10-14T21:14:00+00:00,3.2499057852e-05
case_014,2014-10-14T21:15:00+00:00,3.2495267078e-05
case_014,2014-10-14T21:16:00+00:00,3.25193432218e-05
case_014,2014-10-14T21:17:00+00:00,3.25765286107e-05
case_014,2014-10-14T21:18:00+00:00,3.26067238348e-05
case_014,2014-10-14T21:19:00+00:00,3.26582703565e-05
case_014,2014-10-14T21:20:00+00:00,3.26977205987e-05
case_014,2014-10-14T21:21:00+00:00,3.27133311657e-05
case_014,2014-10-14T21:22:00+00:00,3.26852641592e-05
case_014,2014-10-14T21:23:00+00:00,3.26214139932e-05
case_014,2014-10-14T21:24:00+00:00,3.25893852278e-05
case_014,2014-10-14T21:25:00+00:00,3.25954570144e-05
case_014,2014-10-14T21:26:00+00:00,3.26001281792e-05
case_014,2014-10-14T21:27:00+00:00,3.25923938362e-05
case_014,2014-10-14T21:28:00+00:00,3.25814398821e-05
case_014,2014-10-14T21:29:00+00:00,3.25778091792e-05
case_014,2014-10-14T21:30:00+00:00,3.25643086398e-05
case_014,2014-10-14T21:31:00+00:00,3.25216387864e-05
case_014,2014-10-14T21:32:00+00:00,3.24661959894e-05
case_014,2014-10-14T21:33:00+00:00,3.24350512528e-05
case_014,2014-10-14T21:34:00+00:00,3.24448628817e-05
case_014,2014-10-14T21:35:00+00:00,3.24381653627e-05
case_014,2014-10-14T21:36:00+00:00,3.23836575262e-05
case_014,2014-10-14T21:37:00+00:00,3.23169006151e-05
case_014,2014-10-14T21:38:00+00:00,3.22258456436e-05
case_014,2014-10-14T21:39:00+00:00,3.21661500493e-05
case_014,2014-10-14T21:40:00+00:00,3.21194311255e-05
case_014,2014-10-14T21:41:00+00:00,3.20730214298e-05
case_014,2014-10-14T21:42:00+00:00,3.20140497934e-05
case_014,2014-10-14T21:43:00+00:00,3.1957464671e-05
case_014,2014-10-14T21:44:00+00:00,3.19204700645e-05
case_014,2014-10-14T21:45:00+00:00,3.19024366036e-05
case_014,2014-10-14T21:46:00+00:00,3.18588317896e-05
case_014,2014-10-14T21:47:00+00:00,3.17892736348e-05
case_014,2014-10-14T21:48:00+00:00,3.1694653444e-05
case_014,2014-10-14T21:49:00+00:00,3.15977194987e-05
case_014,2014-10-14T21:50:00+00:00,3.1504798244e-05
case_014,2014-10-14T21:51:00+00:00,3.14196622639e-05
case_014,2014-10-14T21:52:00+00:00,3.13599666697e-05
case_014,2014-10-14T21:53:00+00:00,3.13090931741e-05
case_014,2014-10-14T21:54:00+00:00,3.12289739668e-05
case_014,2014-10-14T21:55:00+00:00,3.11274015985e-05
case_014,2014-10-14T21:56:00+00:00,3.09804927383e-05
case_014,2014-10-14T21:57:00+00:00,3.08678463625e-05
case_014,2014-10-14T21:58:00+00:00,3.07798545691e-05
case_014,2014-10-14T21:59:00+00:00,3.07043264911e-05
case_014,2014-10-14T22:00:00+00:00,3.06134788843e-05
case_014,2014-10-14T22:01:00+00:00,3.05404937535e-05
case_014,2014-10-14T22:02:00+00:00,3.04603399854e-05
case_014,2014-10-14T22:03:00+00:00,3.03767628793e-05
case_014,2014-10-14T22:04:00+00:00,3.02670050587e-05
case_014,2014-10-14T22:05:00+00:00,3.01654836221e-05
case_014,2014-10-14T22:06:00+00:00,3.00616611639e-05
case_014,2014-10-14T22:07:00+00:00,2.99645871564e-05
case_014,2014-10-14T22:08:00+00:00,2.98645536532e-05
case_014,2014-10-14T22:09:00+00:00,2.97475980915e-05
case_014,2014-10-14T22:10:00+00:00,2.96479283861e-05
case_014,2014-10-14T22:11:00+00:00,2.95604568237e-05
case_014,2014-10-14T22:12:00+00:00,2.94792152999e-05
case_014,2014-10-14T22:13:00+00:00,2.93935609079e-05
case_014,2014-10-14T22:14:00+00:00,2.92789409286e-05
case_014,2014-10-14T22:15:00+00:00,2.91734577331e-05
case_014,2014-10-14T22:16:00+00:00,2.90275856969e-05
case_014,2014-10-14T22:17:00+00:00,2.88754854409e-05
case_014,2014-10-14T22:18:00+00:00,2.87505354208e-05
case_014,2014-10-14T22:19:00+00:00,2.86340982711e-05
case_014,2014-10-14T22:20:00+00:00,2.85427340714e-05
case_014,2014-10-14T22:21:00+00:00,2.8450453101e-05
case_014,2014-10-14T22:22:00+00:00,2.83454701275e-05
case_014,2014-10-14T22:23:00+00:00,2.82374949165e-05
case_014,2014-10-14T22:24:00+00:00,2.81279626506e-05
case_014,2014-10-14T22:25:00+00:00,2.80229105556e-05
case_014,2014-10-14T22:26:00+00:00,2.79312171187e-05
case_014,2014-10-14T22:27:00+00:00,2.78626939689e-05
case_014,2014-10-14T22:28:00+00:00,2.77895687759e-05
case_014,2014-10-14T22:29:00+00:00,2.77043654933e-05
case_014,2014-10-14T22:30:00+00:00,2.75917172985e-05
case_014,2014-10-14T22:31:00+00:00,2.74724243354e-05
case_014,2014-10-14T22:32:00+00:00,2.7342543035e-05
case_014,2014-10-14T22:33:00+00:00,2.7235604648e-05
case_014,2014-10-14T22:34:00+00:00,2.71307435469e-05
case_014,2014-10-14T22:35:00+00:00,2.70473919954e-05
case_014,2014-10-14T22:36:00+00:00,2.69609936367e-05
case_014,2014-10-14T22:37:00+00:00,2.68628809863e-05
case_014,2014-10-14T22:38:00+00:00,2.67468076345e-05
case_014,2014-10-14T22:39:00+00:00,2.66142251348e-05
case_014,2014-10-14T22:40:00+00:00,2.64667978627e-05
case_014,2014-10-14T22:41:00+00:00,2.63433521468e-05
case_014,2014-10-14T22:42:00+00:00,2.62378671323e-05
case_014,2014-10-14T22:43:00+00:00,2.61610384769e-05
case_014,2014-10-14T22:44:00+00:00,2.61018594756e-05
case_014,2014-10-14T22:45:00+00:00,2.6063342375e-05
case_014,2014-10-14T22:46:00+00:00,2.59944044956e-05
case_014,2014-10-14T22:47:00+00:00,2.5899405955e-05
case_014,2014-10-14T22:48:00+00:00,2.58044074144e-05
case_014,2014-10-14T22:49:00+00:00,2.5726021704e-05
case_014,2014-10-14T22:50:00+00:00,2.56362145592e-05
case_014,2014-10-14T22:51:00+00:00,2.55459763139e-05
case_014,2014-10-14T22:52:00+00:00,2.54290880548e-05
case_014,2014-10-14T22:53:00+00:00,2.53185171459e-05
case_014,2014-10-14T22:54:00+00:00,2.5230787287e-05
case_014,2014-10-14T22:55:00+00:00,2.51570727414e-05
case_014,2014-10-14T22:56:00+00:00,2.51077563007e-05
case_014,2014-10-14T22:57:00+00:00,2.50989323831e-05
case_014,2014-10-14T22:58:00+00:00,2.50883240369e-05
case_014,2014-10-14T22:59:00+00:00,2.50812827289e-05
case_014,2014-10-14T23:00:00+00:00,2.50402717938e-05
case_015,2014-10-14T22:00:00+00:00,3.06134788843e-05
case_015,2014-10-14T22:01:00+00:00,3.05404937535e-05
case_015,2014-10-14T22:02:00+00:00,3.04603399854e-05
case_015,2014-10-14T22:03:00+00:00,3.03767628793e-05
case_015,2014-10-14T22:04:00+00:00,3.02670050587e-05
case_015,2014-10-14T22:05:00+00:00,3.01654836221e-05
case_015,2014-10-14T22:06:00+00:00,3.00616611639e-05
case_015,2014-10-14T22:07:00+00:00,2.99645871564e-05
case_015,2014-10-14T22:08:00+00:00,2.98645536532e-05
case_015,2014-10-14T22:09:00+00:00,2.97475980915e-05
case_015,2014-10-14T22:10:00+00:00,2.96479283861e-05
case_015,2014-10-14T22:11:00+00:00,2.95604568237e-05
case_015,2014-10-14T22:12:00+00:00,2.94792152999e-05
case_015,2014-10-14T22:13:00+00:00,2.93935609079e-05
case_015,2014-10-14T22:14:00+00:00,2.92789409286e-05
case_015,2014-10-14T22:15:00+00:00,2.91734577331e-05
case_015,2014-10-14T22:16:00+00:00,2.90275856969e-05
case_015,2014-10-14T22:17:00+00:00,2.88754854409e-05
case_015,2014-10-14T22:18:00+00:00,2.87505354208e-05
case_015,2014-10-14T22:19:00+00:00,2.86340982711e-05
case_015,2014-10-14T22:20:00+00:00,2.85427340714e-05
case_015,2014-10-14T22:21:00+00:00,2.8450453101e-05
case_015,2014-10-14T22:22:00+00:00,2.83454701275e-05
case_015,2014-10-14T22:23:00+00:00,2.82374949165e-05
case_015,2014-10-14T22:24:00+00:00,2.81279626506e-05
case_015,2014-10-14T22:25:00+00:00,2.80229105556e-05
case_015,2014-10-14T22:26:00+00:00,2.79312171187e-05
case_015,2014-10-14T22:27:00+00:00,2.78626939689e-05
case_015,2014-10-14T22:28:00+00:00,2.77895687759e-05
case_015,2014-10-14T22:29:00+00:00,2.77043654933e-05
case_015,2014-10-14T22:30:00+00:00,2.75917172985e-05
case_015,2014-10-14T22:31:00+00:00,2.74724243354e-05
case_015,2014-10-14T22:32:00+00:00,2.7342543035e-05
case_015,2014-10-14T22:33:00+00:00,2.7235604648e-05
case_015,2014-10-14T22:34:00+00:00,2.71307435469e-05
case_015,2014-10-14T22:35:00+00:00,2.70473919954e-05
case_015,2014-10-14T22:36:00+00:00,2.69609936367e-05
case_015,2014-10-14T22:37:00+00:00,2.68628809863e-05
case_015,2014-10-14T22:38:00+00:00,2.67468076345e-05
case_015,2014-10-14T22:39:00+00:00,2.66142251348e-05
case_015,2014-10-14T22:40:00+00:00,2.64667978627e-05
case_015,2014-10-14T22:41:00+00:00,2.63433521468e-05
case_015,2014-10-14T22:42:00+00:00,2.62378671323e-05
case_015,2014-10-14T22:43:00+00:00,2.61610384769e-05
case_015,2014-10-14T22:44:00+00:00,2.61018594756e-05
case_015,2014-10-14T22:45:00+00:00,2.6063342375e-05
case_015,2014-10-14T22:46:00+00:00,2.59944044956e-05
case_015,2014-10-14T22:47:00+00:00,2.5899405955e-05
case_015,2014-10-14T22:48:00+00:00,2.58044074144e-05
case_015,2014-10-14T22:49:00+00:00,2.5726021704e-05
case_015,2014-10-14T22:50:00+00:00,2.56362145592e-05
case_015,2014-10-14T22:51:00+00:00,2.55459763139e-05
case_015,2014-10-14T22:52:00+00:00,2.54290880548e-05
case_015,2014-10-14T22:53:00+00:00,2.53185171459e-05
case_015,2014-10-14T22:54:00+00:00,2.5230787287e-05
case_015,2014-10-14T22:55:00+00:00,2.51570727414e-05
case_015,2014-10-14T22:56:00+00:00,2.51077563007e-05
case_015,2014-10-14T22:57:00+00:00,2.50989323831e-05
case_015,2014-10-14T22:58:00+00:00,2.50883240369e-05
case_015,2014-10-14T22:59:00+00:00,2.50812827289e-05
case_015,2014-10-14T23:00:00+00:00,2.50402717938e-05
case_015,2014-10-14T23:01:00+00:00,2.49665572483e-05
case_015,2014-10-14T23:02:00+00:00,2.4860000849e-05
case_015,2014-10-14T23:03:00+00:00,2.47417810897e-05
case_015,2014-10-14T23:04:00+00:00,2.46452273132e-05
case_015,2014-10-14T23:05:00+00:00,2.45774826908e-05
case_015,2014-10-14T23:06:00+00:00,2.45092178375e-05
case_015,2014-10-14T23:07:00+00:00,2.44074726652e-05
case_015,2014-10-14T23:08:00+00:00,2.42663591052e-05
case_015,2014-10-14T23:09:00+00:00,2.41297457251e-05
case_015,2014-10-14T23:10:00+00:00,2.40129447775e-05
case_015,2014-10-14T23:11:00+00:00,2.39221008087e-05
case_015,2014-10-14T23:12:00+00:00,2.38307893596e-05
case_015,2014-10-14T23:13:00+00:00,2.37321055465e-05
case_015,2014-10-14T23:14:00+00:00,2.36179002968e-05
case_015,2014-10-14T23:15:00+00:00,2.35146490013e-05
case_015,2014-10-14T23:16:00+00:00,2.34242706938e-05
case_015,2014-10-14T23:17:00+00:00,2.33484788623e-05
case_015,2014-10-14T23:18:00+00:00,2.32617348956e-05
case_015,2014-10-14T23:19:00+00:00,2.31636749959e-05
case_015,2014-10-14T23:20:00+00:00,2.30707537412e-05
case_015,2014-10-14T23:21:00+00:00,2.29793895414e-05
case_015,2014-10-14T23:22:00+00:00,2.28989265452e-05
case_015,2014-10-14T23:23:00+00:00,2.281586967e-05
case_015,2014-10-14T23:24:00+00:00,2.27364453167e-05
case_015,2014-10-14T23:25:00+00:00,2.26419997489e-05
case_015,2014-10-14T23:26:00+00:00,2.25490439334e-05
case_015,2014-10-14T23:27:00+00:00,2.24707873713e-05
case_015,2014-10-14T23:28:00+00:00,2.23913466471e-05
case_015,2014-10-14T23:29:00+00:00,2.23083061428e-05
case_015,2014-10-14T23:30:00+00:00,2.22050020966e-05
case_015,2014-10-14T23:31:00+00:00,2.21188292926e-05
case_015,2014-10-14T23:32:00+00:00,2.20403308049e-05
case_015,2014-10-14T23:33:00+00:00,2.19654302782e-05
case_015,2014-10-14T23:34:00+00:00,2.18891200348e-05
case_015,2014-10-14T23:35:00+00:00,2.18039767788e-05
case_015,2014-10-14T23:36:00+00:00,2.17139204324e-05
case_015,2014-10-14T23:37:00+00:00,2.16225562326e-05
case_015,2014-10-14T23:38:00+00:00,2.15446889342e-05
case_015,2014-10-14T23:39:00+00:00,2.1462496079e-05
case_015,2014-10-14T23:40:00+00:00,2.13570292544e-05
case_015,2014-10-14T23:41:00+00:00,2.1248275516e-05
case_015,2014-10-14T23:42:00+00:00,2.11458536796e-05
case_015,2014-10-14T23:43:00+00:00,2.10489342862e-05
case_015,2014-10-14T23:44:00+00:00,2.09772970265e-05
case_015,2014-10-14T23:45:00+00:00,2.08834062505e-05
case_015,2014-10-14T23:46:00+00:00,2.07802931982e-05
case_015,2014-10-14T23:47:00+00:00,2.06702407013e-05
case_015,2014-10-14T23:48:00+00:00,2.05755022762e-05
case_015,2014-10-14T23:49:00+00:00,2.04950047191e-05
case_015,2014-10-14T23:50:00+00:00,2.04221050808e-05
case_015,2014-10-14T23:51:00+00:00,2.03460549528e-05
case_015,2014-10-14T23:52:00+00:00,2.02711980819e-05
case_015,2014-10-14T23:53:00+00:00,2.01934344659e-05
case_015,2014-10-14T23:54:00+00:00,2.01166058105e-05
case_015,2014-10-14T23:55:00+00:00,2.0046136342e-05
case_015,2014-10-14T23:56:00+00:00,1.99720325327e-05
case_015,2014-10-14T23:57:00+00:00,1.98952038772e-05
case_015,2014-10-14T23:58:00+00:00,1.98160396394e-05
case_015,2014-10-14T23:59:00+00:00,1.9735265596e-05
case_015,2014-10-15T00:00:00+00:00,1.96431083168e-05
case_016,2014-10-14T23:00:00+00:00,2.50402717938e-05
case_016,2014-10-14T23:01:00+00:00,2.49665572483e-05
case_016,2014-10-14T23:02:00+00:00,2.4860000849e-05
case_016,2014-10-14T23:03:00+00:00,2.47417810897e-05
case_016,2014-10-14T23:04:00+00:00,2.46452273132e-05
case_016,2014-10-14T23:05:00+00:00,2.45774826908e-05
case_016,2014-10-14T23:06:00+00:00,2.45092178375e-05
case_016,2014-10-14T23:07:00+00:00,2.44074726652e-05
case_016,2014-10-14T23:08:00+00:00,2.42663591052e-05
case_016,2014-10-14T23:09:00+00:00,2.41297457251e-05
case_016,2014-10-14T23:10:00+00:00,2.40129447775e-05
case_016,2014-10-14T23:11:00+00:00,2.39221008087e-05
case_016,2014-10-14T23:12:00+00:00,2.38307893596e-05
case_016,2014-10-14T23:13:00+00:00,2.37321055465e-05
case_016,2014-10-14T23:14:00+00:00,2.36179002968e-05
case_016,2014-10-14T23:15:00+00:00,2.35146490013e-05
case_016,2014-10-14T23:16:00+00:00,2.34242706938e-05
case_016,2014-10-14T23:17:00+00:00,2.33484788623e-05
case_016,2014-10-14T23:18:00+00:00,2.32617348956e-05
case_016,2014-10-14T23:19:00+00:00,2.31636749959e-05
case_016,2014-10-14T23:20:00+00:00,2.30707537412e-05
case_016,2014-10-14T23:21:00+00:00,2.29793895414e-05
case_016,2014-10-14T23:22:00+00:00,2.28989265452e-05
case_016,2014-10-14T23:23:00+00:00,2.281586967e-05
case_016,2014-10-14T23:24:00+00:00,2.27364453167e-05
case_016,2014-10-14T23:25:00+00:00,2.26419997489e-05
case_016,2014-10-14T23:26:00+00:00,2.25490439334e-05
case_016,2014-10-14T23:27:00+00:00,2.24707873713e-05
case_016,2014-10-14T23:28:00+00:00,2.23913466471e-05
case_016,2014-10-14T23:29:00+00:00,2.23083061428e-05
case_016,2014-10-14T23:30:00+00:00,2.22050020966e-05
case_016,2014-10-14T23:31:00+00:00,2.21188292926e-05
case_016,2014-10-14T23:32:00+00:00,2.20403308049e-05
case_016,2014-10-14T23:33:00+00:00,2.19654302782e-05
case_016,2014-10-14T23:34:00+00:00,2.18891200348e-05
case_016,2014-10-14T23:35:00+00:00,2.18039767788e-05
case_016,2014-10-14T23:36:00+00:00,2.17139204324e-05
case_016,2014-10-14T23:37:00+00:00,2.16225562326e-05
case_016,2014-10-14T23:38:00+00:00,2.15446889342e-05
case_016,2014-10-14T23:39:00+00:00,2.1462496079e-05
case_016,2014-10-14T23:40:00+00:00,2.13570292544e-05
case_016,2014-10-14T23:41:00+00:00,2.1248275516e-05
case_016,2014-10-14T23:42:00+00:00,2.11458536796e-05
case_016,2014-10-14T23:43:00+00:00,2.10489342862e-05
case_016,2014-10-14T23:44:00+00:00,2.09772970265e-05
case_016,2014-10-14T23:45:00+00:00,2.08834062505e-05
case_016,2014-10-14T23:46:00+00:00,2.07802931982e-05
case_016,2014-10-14T23:47:00+00:00,2.06702407013e-05
case_016,2014-10-14T23:48:00+00:00,2.05755022762e-05
case_016,2014-10-14T23:49:00+00:00,2.04950047191e-05
case_016,2014-10-14T23:50:00+00:00,2.04221050808e-05
case_016,2014-10-14T23:51:00+00:00,2.03460549528e-05
case_016,2014-10-14T23:52:00+00:00,2.02711980819e-05
case_016,2014-10-14T23:53:00+00:00,2.01934344659e-05
case_016,2014-10-14T23:54:00+00:00,2.01166058105e-05
case_016,2014-10-14T23:55:00+00:00,2.0046136342e-05
case_016,2014-10-14T23:56:00+00:00,1.99720325327e-05
case_016,2014-10-14T23:57:00+00:00,1.98952038772e-05
case_016,2014-10-14T23:58:00+00:00,1.98160396394e-05
case_016,2014-10-14T23:59:00+00:00,1.9735265596e-05
case_016,2014-10-15T00:00:00+00:00,1.96431083168e-05
case_016,2014-10-15T00:01:00+00:00,1.9553301172e-05
case_016,2014-10-15T00:02:00+00:00,1.94709955395e-05
case_016,2014-10-15T00:03:00+00:00,1.9402757971e-05
case_016,2014-10-15T00:04:00+00:00,1.93324176507e-05
case_016,2014-10-15T00:05:00+00:00,1.9261300622e-05
case_016,2014-10-15T00:06:00+00:00,1.91822036868e-05
case_016,2014-10-15T00:07:00+00:00,1.9100634745e-05
case_016,2014-10-15T00:08:00+00:00,1.9013423298e-05
case_016,2014-10-15T00:09:00+00:00,1.89295424207e-05
case_016,2014-10-15T00:10:00+00:00,1.8852239009e-05
case_016,2014-10-15T00:11:00+00:00,1.87676232599e-05
case_016,2014-10-15T00:12:00+00:00,1.86723646038e-05
case_016,2014-10-15T00:13:00+00:00,1.85947574209e-05
case_016,2014-10-15T00:14:00+00:00,1.85148146556e-05
case_016,2014-10-15T00:15:00+00:00,1.84566724784e-05
case_016,2014-10-15T00:16:00+00:00,1.84059044841e-05
case_016,2014-10-15T00:17:00+00:00,1.83416887012e-05
case_016,2014-10-15T00:18:00+00:00,1.82788771781e-05
case_016,2014-10-15T00:19:00+00:00,1.82209860213e-05
case_016,2014-10-15T00:20:00+00:00,1.81527320819e-05
case_016,2014-10-15T00:21:00+00:00,1.80883616849e-05
case_016,2014-10-15T00:22:00+00:00,1.80202623596e-05
case_016,2014-10-15T00:23:00+00:00,1.79544294951e-05
case_016,2014-10-15T00:24:00+00:00,1.78949921974e-05
case_016,2014-10-15T00:25:00+00:00,1.78438585863e-05
case_016,2014-10-15T00:26:00+00:00,1.77957026608e-05
case_016,2014-10-15T00:27:00+00:00,1.77348447323e-05
case_016,2014-10-15T00:28:00+00:00,1.76805988303e-05
case_016,2014-10-15T00:29:00+00:00,1.7620570361e-05
case_016,2014-10-15T00:30:00+00:00,1.75648347067e-05
case_016,2014-10-15T00:31:00+00:00,1.75113673322e-05
case_016,2014-10-15T00:32:00+00:00,1.7460242816e-05
case_016,2014-10-15T00:33:00+00:00,1.74026117747e-05
case_016,2014-10-15T00:34:00+00:00,1.73369444383e-05
case_016,2014-10-15T00:35:00+00:00,1.72608943103e-05
case_016,2014-10-15T00:36:00+00:00,1.71782248799e-05
case_016,2014-10-15T00:37:00+00:00,1.71072369994e-05
case_016,2014-10-15T00:38:00+00:00,1.70363782672e-05
case_016,2014-10-15T00:39:00+00:00,1.69552877196e-05
case_016,2014-10-15T00:40:00+00:00,1.68982933246e-05
case_016,2014-10-15T00:41:00+00:00,1.6825617422e-05
case_016,2014-10-15T00:42:00+00:00,1.67552771018e-05
case_016,2014-10-15T00:43:00+00:00,1.66779209394e-05
case_016,2014-10-15T00:44:00+00:00,1.6587862774e-05
case_016,2014-10-15T00:45:00+00:00,1.65250494319e-05
case_016,2014-10-15T00:46:00+00:00,1.64606371982e-05
case_016,2014-10-15T00:47:00+00:00,1.63955319294e-05
case_016,2014-10-15T00:48:00+00:00,1.63223357958e-05
case_016,2014-10-15T00:49:00+00:00,1.62473679666e-05
case_016,2014-10-15T00:50:00+00:00,1.61821753863e-05
case_016,2014-10-15T00:51:00+00:00,1.61216994456e-05
case_016,2014-10-15T00:52:00+00:00,1.60671916092e-05
case_016,2014-10-15T00:53:00+00:00,1.60142772074e-05
case_016,2014-10-15T00:54:00+00:00,1.59641476785e-05
case_016,2014-10-15T00:55:00+00:00,1.59205410455e-05
case_016,2014-10-15T00:56:00+00:00,1.58787879627e-05
case_016,2014-10-15T00:57:00+00:00,1.58413768077e-05
case_016,2014-10-15T00:58:00+00:00,1.58162001753e-05
case_016,2014-10-15T00:59:00+00:00,1.57927279361e-05
case_016,2014-10-15T01:00:00+00:00,1.57487156685e-05
case_017,2014-10-15T00:00:00+00:00,1.96431083168e-05
case_017,2014-10-15T00:01:00+00:00,1.9553301172e-05
case_017,2014-10-15T00:02:00+00:00,1.94709955395e-05
case_017,2014-10-15T00:03:00+00:00,1.9402757971e-05
case_017,2014-10-15T00:04:00+00:00,1.93324176507e-05
case_017,2014-10-15T00:05:00+00:00,1.9261300622e-05
case_017,2014-10-15T00:06:00+00:00,1.91822036868e-05
case_017,2014-10-15T00:07:00+00:00,1.9100634745e-05
case_017,2014-10-15T00:08:00+00:00,1.9013423298e-05
case_017,2014-10-15T00:09:00+00:00,1.89295424207e-05
case_017,2014-10-15T00:10:00+00:00,1.8852239009e-05
case_017,2014-10-15T00:11:00+00:00,1.87676232599e-05
case_017,2014-10-15T00:12:00+00:00,1.86723646038e-05
case_017,2014-10-15T00:13:00+00:00,1.85947574209e-05
case_017,2014-10-15T00:14:00+00:00,1.85148146556e-05
case_017,2014-10-15T00:15:00+00:00,1.84566724784e-05
case_017,2014-10-15T00:16:00+00:00,1.84059044841e-05
case_017,2014-10-15T00:17:00+00:00,1.83416887012e-05
case_017,2014-10-15T00:18:00+00:00,1.82788771781e-05
case_017,2014-10-15T00:19:00+00:00,1.82209860213e-05
case_017,2014-10-15T00:20:00+00:00,1.81527320819e-05
case_017,2014-10-15T00:21:00+00:00,1.80883616849e-05
case_017,2014-10-15T00:22:00+00:00,1.80202623596e-05
case_017,2014-10-15T00:23:00+00:00,1.79544294951e-05
case_017,2014-10-15T00:24:00+00:00,1.78949921974e-05
case_017,2014-10-15T00:25:00+00:00,1.78438585863e-05
case_017,2014-10-15T00:26:00+00:00,1.77957026608e-05
case_017,2014-10-15T00:27:00+00:00,1.77348447323e-05
case_017,2014-10-15T00:28:00+00:00,1.76805988303e-05
case_017,2014-10-15T00:29:00+00:00,1.7620570361e-05
case_017,2014-10-15T00:30:00+00:00,1.75648347067e-05
case_017,2014-10-15T00:31:00+00:00,1.75113673322e-05
case_017,2014-10-15T00:32:00+00:00,1.7460242816e-05
case_017,2014-10-15T00:33:00+00:00,1.74026117747e-05
case_017,2014-10-15T00:34:00+00:00,1.73369444383e-05
case_017,2014-10-15T00:35:00+00:00,1.72608943103e-05
case_017,2014-10-15T00:36:00+00:00,1.71782248799e-05
case_017,2014-10-15T00:37:00+00:00,1.71072369994e-05
case_017,2014-10-15T00:38:00+00:00,1.70363782672e-05
case_017,2014-10-15T00:39:00+00:00,1.69552877196e-05
case_017,2014-10-15T00:40:00+00:00,1.68982933246e-05
case_017,2014-10-15T00:41:00+00:00,1.6825617422e-05
case_017,2014-10-15T00:42:00+00:00,1.67552771018e-05
case_017,2014-10-15T00:43:00+00:00,1.66779209394e-05
case_017,2014-10-15T00:44:00+00:00,1.6587862774e-05
case_017,2014-10-15T00:45:00+00:00,1.65250494319e-05
case_017,2014-10-15T00:46:00+00:00,1.64606371982e-05
case_017,2014-10-15T00:47:00+00:00,1.63955319294e-05
case_017,2014-10-15T00:48:00+00:00,1.63223357958e-05
case_017,2014-10-15T00:49:00+00:00,1.62473679666e-05
case_017,2014-10-15T00:50:00+00:00,1.61821753863e-05
case_017,2014-10-15T00:51:00+00:00,1.61216994456e-05
case_017,2014-10-15T00:52:00+00:00,1.60671916092e-05
case_017,2014-10-15T00:53:00+00:00,1.60142772074e-05
case_017,2014-10-15T00:54:00+00:00,1.59641476785e-05
case_017,2014-10-15T00:55:00+00:00,1.59205410455e-05
case_017,2014-10-15T00:56:00+00:00,1.58787879627e-05
case_017,2014-10-15T00:57:00+00:00,1.58413768077e-05
case_017,2014-10-15T00:58:00+00:00,1.58162001753e-05
case_017,2014-10-15T00:59:00+00:00,1.57927279361e-05
case_017,2014-10-15T01:00:00+00:00,1.57487156685e-05
case_017,2014-10-15T01:01:00+00:00,1.5703812096e-05
case_017,2014-10-15T01:02:00+00:00,1.56596870511e-05
case_017,2014-10-15T01:03:00+00:00,1.5605803128e-05
case_017,2014-10-15T01:04:00+00:00,1.55470388563e-05
case_017,2014-10-15T01:05:00+00:00,1.54829285748e-05
case_017,2014-10-15T01:06:00+00:00,1.54060835484e-05
case_017,2014-10-15T01:07:00+00:00,1.53313467308e-05
case_017,2014-10-15T01:08:00+00:00,1.52667180373e-05
case_017,2014-10-15T01:09:00+00:00,1.52136381075e-05
case_017,2014-10-15T01:10:00+00:00,1.51481008288e-05
case_017,2014-10-15T01:11:00+00:00,1.50858068082e-05
case_017,2014-10-15T01:12:00+00:00,1.50240321091e-05
case_017,2014-10-15T01:13:00+00:00,1.49697589222e-05
case_017,2014-10-15T01:14:00+00:00,1.49054149006e-05
case_017,2014-10-15T01:15:00+00:00,1.48535036715e-05
case_017,2014-10-15T01:16:00+00:00,1.48014014485e-05
case_017,2014-10-15T01:17:00+00:00,1.47496803038e-05
case_017,2014-10-15T01:18:00+00:00,1.47071132233e-05
case_017,2014-10-15T01:19:00+00:00,1.4659095541e-05
case_017,2014-10-15T01:20:00+00:00,1.46009288073e-05
case_017,2014-10-15T01:21:00+00:00,1.45441117638e-05
case_017,2014-10-15T01:22:00+00:00,1.4497131815e-05
case_017,2014-10-15T01:23:00+00:00,1.44584146256e-05
case_017,2014-10-15T01:24:00+00:00,1.44231580634e-05
case_017,2014-10-15T01:25:00+00:00,1.43956449392e-05
case_017,2014-10-15T01:26:00+00:00,1.43695942825e-05
case_017,2014-10-15T01:27:00+00:00,1.43400993693e-05
case_017,2014-10-15T01:28:00+00:00,1.43141442095e-05
case_017,2014-10-15T01:29:00+00:00,1.42894859891e-05
case_017,2014-10-15T01:30:00+00:00,1.42539265653e-05
case_017,2014-10-15T01:31:00+00:00,1.42152530316e-05
case_017,2014-10-15T01:32:00+00:00,1.41573709698e-05
case_017,2014-10-15T01:33:00+00:00,1.41058926602e-05
case_017,2014-10-15T01:34:00+00:00,1.40421279866e-05
case_017,2014-10-15T01:35:00+00:00,1.39855446832e-05
case_017,2014-10-15T01:36:00+00:00,1.39280009535e-05
case_017,2014-10-15T01:37:00+00:00,1.38726372825e-05
case_017,2014-10-15T01:38:00+00:00,1.38152754516e-05
case_017,2014-10-15T01:39:00+00:00,1.37553179229e-05
case_017,2014-10-15T01:40:00+00:00,1.36991757245e-05
case_017,2014-10-15T01:41:00+00:00,1.36488988574e-05
case_017,2014-10-15T01:42:00+00:00,1.35889422381e-05
case_017,2014-10-15T01:43:00+00:00,1.35190257424e-05
case_017,2014-10-15T01:44:00+00:00,1.34534529934e-05
case_017,2014-10-15T01:45:00+00:00,1.34046567837e-05
case_017,2014-10-15T01:46:00+00:00,1.33554358399e-05
case_017,2014-10-15T01:47:00+00:00,1.33086205096e-05
case_017,2014-10-15T01:48:00+00:00,1.32541135827e-05
case_017,2014-10-15T01:49:00+00:00,1.31923388835e-05
case_017,2014-10-15T01:50:00+00:00,1.31419155878e-05
case_017,2014-10-15T01:51:00+00:00,1.30913713292e-05
case_017,2014-10-15T01:52:00+00:00,1.30360849653e-05
case_017,2014-10-15T01:53:00+00:00,1.29790778374e-05
case_017,2014-10-15T01:54:00+00:00,1.29291483972e-05
case_017,2014-10-15T01:55:00+00:00,1.28756792037e-05
case_017,2014-10-15T01:56:00+00:00,1.28266228785e-05
case_017,2014-10-15T01:57:00+00:00,1.27828698169e-05
case_017,2014-10-15T01:58:00+00:00,1.27339608298e-05
case_017,2014-10-15T01:59:00+00:00,1.26950271806e-05
case_017,2014-10-15T02:00:00+00:00,1.26556615214e-05
case_018,2014-10-15T01:00:00+00:00,1.57487156685e-05
case_018,2014-10-15T01:01:00+00:00,1.5703812096e-05
case_018,2014-10-15T01:02:00+00:00,1.56596870511e-05
case_018,2014-10-15T01:03:00+00:00,1.5605803128e-05
case_018,2014-10-15T01:04:00+00:00,1.55470388563e-05
case_018,2014-10-15T01:05:00+00:00,1.54829285748e-05
case_018,2014-10-15T01:06:00+00:00,1.54060835484e-05
case_018,2014-10-15T01:07:00+00:00,1.53313467308e-05
case_018,2014-10-15T01:08:00+00:00,1.52667180373e-05
case_018,2014-10-15T01:09:00+00:00,1.52136381075e-05
case_018,2014-10-15T01:10:00+00:00,1.51481008288e-05
case_018,2014-10-15T01:11:00+00:00,1.50858068082e-05
case_018,2014-10-15T01:12:00+00:00,1.50240321091e-05
case_018,2014-10-15T01:13:00+00:00,1.49697589222e-05
case_018,2014-10-15T01:14:00+00:00,1.49054149006e-05
case_018,2014-10-15T01:15:00+00:00,1.48535036715e-05
case_018,2014-10-15T01:16:00+00:00,1.48014014485e-05
case_018,2014-10-15T01:17:00+00:00,1.47496803038e-05
case_018,2014-10-15T01:18:00+00:00,1.47071132233e-05
case_018,2014-10-15T01:19:00+00:00,1.4659095541e-05
case_018,2014-10-15T01:20:00+00:00,1.46009288073e-05
case_018,2014-10-15T01:21:00+00:00,1.45441117638e-05
case_018,2014-10-15T01:22:00+00:00,1.4497131815e-05
case_018,2014-10-15T01:23:00+00:00,1.44584146256e-05
case_018,2014-10-15T01:24:00+00:00,1.44231580634e-05
case_018,2014-10-15T01:25:00+00:00,1.43956449392e-05
case_018,2014-10-15T01:26:00+00:00,1.43695942825e-05
case_018,2014-10-15T01:27:00+00:00,1.43400993693e-05
case_018,2014-10-15T01:28:00+00:00,1.43141442095e-05
case_018,2014-10-15T01:29:00+00:00,1.42894859891e-05
case_018,2014-10-15T01:30:00+00:00,1.42539265653e-05
case_018,2014-10-15T01:31:00+00:00,1.42152530316e-05
case_018,2014-10-15T01:32:00+00:00,1.41573709698e-05
case_018,2014-10-15T01:33:00+00:00,1.41058926602e-05
case_018,2014-10-15T01:34:00+00:00,1.40421279866e-05
case_018,2014-10-15T01:35:00+00:00,1.39855446832e-05
case_018,2014-10-15T01:36:00+00:00,1.39280009535e-05
case_018,2014-10-15T01:37:00+00:00,1.38726372825e-05
case_018,2014-10-15T01:38:00+00:00,1.38152754516e-05
case_018,2014-10-15T01:39:00+00:00,1.37553179229e-05
case_018,2014-10-15T01:40:00+00:00,1.36991757245e-05
case_018,2014-10-15T01:41:00+00:00,1.36488988574e-05
case_018,2014-10-15T01:42:00+00:00,1.35889422381e-05
case_018,2014-10-15T01:43:00+00:00,1.35190257424e-05
case_018,2014-10-15T01:44:00+00:00,1.34534529934e-05
case_018,2014-10-15T01:45:00+00:00,1.34046567837e-05
case_018,2014-10-15T01:46:00+00:00,1.33554358399e-05
case_018,2014-10-15T01:47:00+00:00,1.33086205096e-05
case_018,2014-10-15T01:48:00+00:00,1.32541135827e-05
case_018,2014-10-15T01:49:00+00:00,1.31923388835e-05
case_018,2014-10-15T01:50:00+00:00,1.31419155878e-05
case_018,2014-10-15T01:51:00+00:00,1.30913713292e-05
case_018,2014-10-15T01:52:00+00:00,1.30360849653e-05
case_018,2014-10-15T01:53:00+00:00,1.29790778374e-05
case_018,2014-10-15T01:54:00+00:00,1.29291483972e-05
case_018,2014-10-15T01:55:00+00:00,1.28756792037e-05
case_018,2014-10-15T01:56:00+00:00,1.28266228785e-05
case_018,2014-10-15T01:57:00+00:00,1.27828698169e-05
case_018,2014-10-15T01:58:00+00:00,1.27339608298e-05
case_018,2014-10-15T01:59:00+00:00,1.26950271806e-05
case_018,2014-10-15T02:00:00+00:00,1.26556615214e-05
case_018,2014-10-15T02:01:00+00:00,1.26163813547e-05
case_018,2014-10-15T02:02:00+00:00,1.25906854009e-05
case_018,2014-10-15T02:03:00+00:00,1.25603173728e-05
case_018,2014-10-15T02:04:00+00:00,1.25265751194e-05
case_018,2014-10-15T02:05:00+00:00,1.24925727505e-05
case_018,2014-10-15T02:06:00+00:00,1.24551970657e-05
case_018,2014-10-15T02:07:00+00:00,1.24087709992e-05
case_018,2014-10-15T02:08:00+00:00,1.2352412341e-05
case_018,2014-10-15T02:09:00+00:00,1.23059517136e-05
case_018,2014-10-15T02:10:00+00:00,1.22509518405e-05
case_018,2014-10-15T02:11:00+00:00,1.21974571812e-05
case_018,2014-10-15T02:12:00+00:00,1.21502171169e-05
case_018,2014-10-15T02:13:00+00:00,1.21046741697e-05
case_018,2014-10-15T02:14:00+00:00,1.2051325939e-05
case_018,2014-10-15T02:15:00+00:00,1.19988953884e-05
case_018,2014-10-15T02:16:00+00:00,1.19480228022e-05
case_018,2014-10-15T02:17:00+00:00,1.1900939171e-05
case_018,2014-10-15T02:18:00+00:00,1.18416046462e-05
case_018,2014-10-15T02:19:00+00:00,1.17837234939e-05
case_018,2014-10-15T02:20:00+00:00,1.17313275041e-05
case_018,2014-10-15T02:21:00+00:00,1.16786022772e-05
case_018,2014-10-15T02:22:00+00:00,1.16336987048e-05
case_018,2014-10-15T02:23:00+00:00,1.15882767204e-05
case_018,2014-10-15T02:24:00+00:00,1.15579523481e-05
case_018,2014-10-15T02:25:00+00:00,1.15283191917e-05
case_018,2014-10-15T02:26:00+00:00,1.14969125207e-05
case_018,2014-10-15T02:27:00+00:00,1.14475533337e-05
case_018,2014-10-15T02:28:00+00:00,1.14084032248e-05
case_018,2014-10-15T02:29:00+00:00,1.13728447104e-05
case_018,2014-10-15T02:30:00+00:00,1.13386604426e-05
case_018,2014-10-15T02:31:00+00:00,1.13084743134e-05
case_018,2014-10-15T02:32:00+00:00,1.12713578346e-05
case_018,2014-10-15T02:33:00+00:00,1.1252150216e-05
case_018,2014-10-15T02:34:00+00:00,1.12252519102e-05
case_018,2014-10-15T02:35:00+00:00,1.12002389869e-05
case_018,2014-10-15T02:36:00+00:00,1.1167016055e-05
case_018,2014-10-15T02:37:00+00:00,1.11381878014e-05
case_018,2014-10-15T02:38:00+00:00,1.11055005618e-05
case_018,2014-10-15T02:39:00+00:00,1.10668261186e-05
case_018,2014-10-15T02:40:00+00:00,1.10232731458e-05
case_018,2014-10-15T02:41:00+00:00,1.09884404083e-05
case_018,2014-10-15T02:42:00+00:00,1.09476895886e-05
case_018,2014-10-15T02:43:00+00:00,1.09027869257e-05
case_018,2014-10-15T02:44:00+00:00,1.08717267722e-05
case_018,2014-10-15T02:45:00+00:00,1.08410122266e-05
case_018,2014-10-15T02:46:00+00:00,1.08025978989e-05
case_018,2014-10-15T02:47:00+00:00,1.07658443085e-05
case_018,2014-10-15T02:48:00+00:00,1.07174628283e-05
case_018,2014-10-15T02:49:00+00:00,1.06715215225e-05
case_018,2014-10-15T02:50:00+00:00,1.06263414636e-05
case_018,2014-10-15T02:51:00+00:00,1.05840508695e-05
case_018,2014-10-15T02:52:00+00:00,1.05368108052e-05
case_018,2014-10-15T02:53:00+00:00,1.04921673483e-05
case_018,2014-10-15T02:54:00+00:00,1.04444352473e-05
case_018,2014-10-15T02:55:00+00:00,1.04008031485e-05
case_018,2014-10-15T02:56:00+00:00,1.03665415736e-05
case_018,2014-10-15T02:57:00+00:00,1.032475393e-05
case_018,2014-10-15T02:58:00+00:00,1.02666126622e-05
case_018,2014-10-15T02:59:00+00:00,1.02274198071e-05
case_018,2014-10-15T03:00:00+00:00,1.01939367596e-05
case_019,2014-10-15T02:00:00+00:00,1.26556615214e-05
case_019,2014-10-15T02:01:00+00:00,1.26163813547e-05
case_019,2014-10-15T02:02:00+00:00,1.25906854009e-05
case_019,2014-10-15T02:03:00+00:00,1.25603173728e-05
case_019,2014-10-15T02:04:00+00:00,1.25265751194e-05
case_019,2014-10-15T02:05:00+00:00,1.24925727505e-05
case_019,2014-10-15T02:06:00+00:00,1.24551970657e-05
case_019,2014-10-15T02:07:00+00:00,1.24087709992e-05
case_019,2014-10-15T02:08:00+00:00,1.2352412341e-05
case_019,2014-10-15T02:09:00+00:00,1.23059517136e-05
case_019,2014-10-15T02:10:00+00:00,1.22509518405e-05
case_019,2014-10-15T02:11:00+00:00,1.21974571812e-05
case_019,2014-10-15T02:12:00+00:00,1.21502171169e-05
case_019,2014-10-15T02:13:00+00:00,1.21046741697e-05
case_019,2014-10-15T02:14:00+00:00,1.2051325939e-05
case_019,2014-10-15T02:15:00+00:00,1.19988953884e-05
case_019,2014-10-15T02:16:00+00:00,1.19480228022e-05
case_019,2014-10-15T02:17:00+00:00,1.1900939171e-05
case_019,2014-10-15T02:18:00+00:00,1.18416046462e-05
case_019,2014-10-15T02:19:00+00:00,1.17837234939e-05
case_019,2014-10-15T02:20:00+00:00,1.17313275041e-05
case_019,2014-10-15T02:21:00+00:00,1.16786022772e-05
case_019,2014-10-15T02:22:00+00:00,1.16336987048e-05
case_019,2014-10-15T02:23:00+00:00,1.15882767204e-05
case_019,2014-10-15T02:24:00+00:00,1.15579523481e-05
case_019,2014-10-15T02:25:00+00:00,1.15283191917e-05
case_019,2014-10-15T02:26:00+00:00,1.14969125207e-05
case_019,2014-10-15T02:27:00+00:00,1.14475533337e-05
case_019,2014-10-15T02:28:00+00:00,1.14084032248e-05
case_019,2014-10-15T02:29:00+00:00,1.13728447104e-05
case_019,2014-10-15T02:30:00+00:00,1.13386604426e-05
case_019,2014-10-15T02:31:00+00:00,1.13084743134e-05
case_019,2014-10-15T02:32:00+00:00,1.12713578346e-05
case_019,2014-10-15T02:33:00+00:00,1.1252150216e-05
case_019,2014-10-15T02:34:00+00:00,1.12252519102e-05
case_019,2014-10-15T02:35:00+00:00,1.12002389869e-05
case_019,2014-10-15T02:36:00+00:00,1.1167016055e-05
case_019,2014-10-15T02:37:00+00:00,1.11381878014e-05
case_019,2014-10-15T02:38:00+00:00,1.11055005618e-05
case_019,2014-10-15T02:39:00+00:00,1.10668261186e-05
case_019,2014-10-15T02:40:00+00:00,1.10232731458e-05
case_019,2014-10-15T02:41:00+00:00,1.09884404083e-05
case_019,2014-10-15T02:42:00+00:00,1.09476895886e-05
case_019,2014-10-15T02:43:00+00:00,1.09027869257e-05
case_019,2014-10-15T02:44:00+00:00,1.08717267722e-05
case_019,2014-10-15T02:45:00+00:00,1.08410122266e-05
case_019,2014-10-15T02:46:00+00:00,1.08025978989e-05
case_019,2014-10-15T02:47:00+00:00,1.07658443085e-05
case_019,2014-10-15T02:48:00+00:00,1.07174628283e-05
case_019,2014-10-15T02:49:00+00:00,1.06715215225e-05
case_019,2014-10-15T02:50:00+00:00,1.06263414636e-05
case_019,2014-10-15T02:51:00+00:00,1.05840508695e-05
case_019,2014-10-15T02:52:00+00:00,1.05368108052e-05
case_019,2014-10-15T02:53:00+00:00,1.04921673483e-05
case_019,2014-10-15T02:54:00+00:00,1.04444352473e-05
case_019,2014-10-15T02:55:00+00:00,1.04008031485e-05
case_019,2014-10-15T02:56:00+00:00,1.03665415736e-05
case_019,2014-10-15T02:57:00+00:00,1.032475393e-05
case_019,2014-10-15T02:58:00+00:00,1.02666126622e-05
case_019,2014-10-15T02:59:00+00:00,1.02274198071e-05
case_019,2014-10-15T03:00:00+00:00,1.01939367596e-05
case_019,2014-10-15T03:01:00+00:00,1.01609120975e-05
case_019,2014-10-15T03:02:00+00:00,1.01189243651e-05
case_019,2014-10-15T03:03:00+00:00,1.00812885648e-05
case_019,2014-10-15T03:04:00+00:00,1.00475035651e-05
case_019,2014-10-15T03:05:00+00:00,1.00018642115e-05
case_019,2014-10-15T03:06:00+00:00,9.95877780952e-06
case_019,2014-10-15T03:07:00+00:00,9.9170329122e-06
case_019,2014-10-15T03:08:00+00:00,9.8772770798e-06
case_019,2014-10-15T03:09:00+00:00,9.84041980701e-06
case_019,2014-10-15T03:10:00+00:00,9.8061582321e-06
case_019,2014-10-15T03:11:00+00:00,9.78104253591e-06
case_019,2014-10-15T03:12:00+00:00,9.74516296992e-06
case_019,2014-10-15T03:13:00+00:00,9.70596920524e-06
case_019,2014-10-15T03:14:00+00:00,9.67465803114e-06
case_019,2014-10-15T03:15:00+00:00,9.63952334132e-06
case_019,2014-10-15T03:16:00+00:00,9.61278874456e-06
case_019,2014-10-15T03:17:00+00:00,9.58257624006e-06
case_019,2014-10-15T03:18:00+00:00,9.55334962782e-06
case_019,2014-10-15T03:19:00+00:00,9.52012669586e-06
case_019,2014-10-15T03:20:00+00:00,9.47444459598e-06
case_019,2014-10-15T03:21:00+00:00,9.43880786508e-06
case_019,2014-10-15T03:22:00+00:00,9.40618156164e-06
case_019,2014-10-15T03:23:00+00:00,9.37944696489e-06
case_019,2014-10-15T03:24:00+00:00,9.34547097131e-06
case_019,2014-10-15T03:25:00+00:00,9.31741305976e-06
case_019,2014-10-15T03:26:00+00:00,9.29041834752e-06
case_019,2014-10-15T03:27:00+00:00,9.28023564484e-06
case_019,2014-10-15T03:28:00+00:00,9.27977725951e-06
case_019,2014-10-15T03:29:00+00:00,9.26082975639e-06
case_019,2014-10-15T03:30:00+00:00,9.2390264399e-06
case_019,2014-10-15T03:31:00+00:00,9.23231255001e-06
case_019,2014-10-15T03:32:00+00:00,9.23824791244e-06
case_019,2014-10-15T03:33:00+00:00,9.2325381047e-06
case_019,2014-10-15T03:34:00+00:00,9.22578874452e-06
case_019,2014-10-15T03:35:00+00:00,9.21229184314e-06
case_019,2014-10-15T03:36:00+00:00,9.18348086998e-06
case_019,2014-10-15T03:37:00+00:00,9.15934288059e-06
case_019,2014-10-15T03:38:00+00:00,9.13395797397e-06
case_019,2014-10-15T03:39:00+00:00,9.09834670892e-06
case_019,2014-10-15T03:40:00+00:00,9.06849800231e-06
case_019,2014-10-15T03:41:00+00:00,9.02079955267e-06
case_019,2014-10-15T03:42:00+00:00,8.9846607807e-06
case_019,2014-10-15T03:43:00+00:00,8.94884215086e-06
case_019,2014-10-15T03:44:00+00:00,8.8973547463e-06
case_019,2014-10-15T03:45:00+00:00,8.84943165147e-06
case_019,2014-10-15T03:46:00+00:00,8.80400875758e-06
case_019,2014-10-15T03:47:00+00:00,8.75547175383e-06
case_019,2014-10-15T03:48:00+00:00,8.7011467258e-06
case_019,2014-10-15T03:49:00+00:00,8.65606125444e-06
case_019,2014-10-15T03:50:00+00:00,8.61349417391e-06
case_019,2014-10-15T03:51:00+00:00,8.57569375512e-06
case_019,2014-10-15T03:52:00+00:00,8.52913854033e-06
case_019,2014-10-15T03:53:00+00:00,8.48734907777e-06
case_019,2014-10-15T03:54:00+00:00,8.44622718432e-06
case_019,2014-10-15T03:55:00+00:00,8.40429129312e-06
case_019,2014-10-15T03:56:00+00:00,8.35990704218e-06
case_019,2014-10-15T03:57:00+00:00,8.32097339298e-06
case_019,2014-10-15T03:58:00+00:00,8.28564770927e-06
case_019,2014-10-15T03:59:00+00:00,8.25426741358e-06
case_019,2014-10-15T04:00:00+00:00,8.22130368761e-06
case_020,2022-04-15T09:59:00+00:00,1.45777255511e-06
case_020,2022-04-15T10:00:00+00:00,1.46191030126e-06
case_020,2022-04-15T10:01:00+00:00,1.46794502598e-06
case_020,2022-04-15T10:02:00+00:00,1.46464265072e-06
case_020,2022-04-15T10:03:00+00:00,1.46123147715e-06
case_020,2022-04-15T10:04:00+00:00,1.45825617892e-06
case_020,2022-04-15T10:05:00+00:00,1.45429794429e-06
case_020,2022-04-15T10:06:00+00:00,1.45710998822e-06
case_020,2022-04-15T10:07:00+00:00,1.45640478877e-06
case_020,2022-04-15T10:08:00+00:00,1.45559670273e-06
case_020,2022-04-15T10:09:00+00:00,1.45378089655e-06
case_020,2022-04-15T10:10:00+00:00,1.45526371398e-06
case_020,2022-04-15T10:11:00+00:00,1.45390822581e-06
case_020,2022-04-15T10:12:00+00:00,1.45146543673e-06
case_020,2022-04-15T10:13:00+00:00,1.45252852235e-06
case_020,2022-04-15T10:14:00+00:00,1.45283149777e-06
case_020,2022-04-15T10:15:00+00:00,1.45858962242e-06
case_020,2022-04-15T10:16:00+00:00,1.48384128806e-06
case_020,2022-04-15T10:17:00+00:00,1.51793972236e-06
case_020,2022-04-15T10:18:00+00:00,1.53434723416e-06
case_020,2022-04-15T10:19:00+00:00,1.55735517637e-06
case_020,2022-04-15T10:20:00+00:00,1.58096304403e-06
case_020,2022-04-15T10:21:00+00:00,1.59651347076e-06
case_020,2022-04-15T10:22:00+00:00,1.60120669079e-06
case_020,2022-04-15T10:23:00+00:00,1.60225420132e-06
case_020,2022-04-15T10:24:00+00:00,1.59719672865e-06
case_020,2022-04-15T10:25:00+00:00,1.58625744007e-06
case_020,2022-04-15T10:26:00+00:00,1.57755403052e-06
case_020,2022-04-15T10:27:00+00:00,1.57330987349e-06
case_020,2022-04-15T10:28:00+00:00,1.5718708255e-06
case_020,2022-04-15T10:29:00+00:00,1.57013778335e-06
case_020,2022-04-15T10:30:00+00:00,1.57190265782e-06
case_020,2022-04-15T10:31:00+00:00,1.58275861395e-06
case_020,2022-04-15T10:32:00+00:00,1.59553053436e-06
case_020,2022-04-15T10:33:00+00:00,1.63007791798e-06
case_020,2022-04-15T10:34:00+00:00,1.67873588452e-06
case_020,2022-04-15T10:35:00+00:00,1.74903777861e-06
case_020,2022-04-15T10:36:00+00:00,1.85308886103e-06
case_020,2022-04-15T10:37:00+00:00,1.99136343326e-06
case_020,2022-04-15T10:38:00+00:00,2.19867297346e-06
case_020,2022-04-15T10:39:00+00:00,2.51443429988e-06
case_020,2022-04-15T10:40:00+00:00,2.92970662485e-06
case_020,2022-04-15T10:41:00+00:00,3.40485803463e-06
case_020,2022-04-15T10:42:00+00:00,3.96790574086e-06
case_020,2022-04-15T10:43:00+00:00,4.55748022432e-06
case_020,2022-04-15T10:44:00+00:00,5.13321219842e-06
case_020,2022-04-15T10:45:00+00:00,5.71796954318e-06
case_020,2022-04-15T10:46:00+00:00,6.28310726825e-06
case_020,2022-04-15T10:47:00+00:00,6.809802926e-06
case_020,2022-04-15T10:48:00+00:00,7.33459046387e-06
case_020,2022-04-15T10:49:00+00:00,7.96107997303e-06
case_020,2022-04-15T10:50:00+00:00,8.71288284543e-06
case_020,2022-04-15T10:51:00+00:00,9.41666621657e-06
case_020,2022-04-15T10:52:00+00:00,1.00912693597e-05
case_020,2022-04-15T10:53:00+00:00,1.06239604065e-05
case_020,2022-04-15T10:54:00+00:00,1.10487162601e-05
case_020,2022-04-15T10:55:00+00:00,1.14750764624e-05
case_020,2022-04-15T10:56:00+00:00,1.19037804325e-05
case_020,2022-04-15T10:57:00+00:00,1.22135006677e-05
case_020,2022-04-15T10:58:00+00:00,1.24817042888e-05
case_020,2022-04-15T10:59:00+00:00,1.26758977785e-05
case_020,2022-04-15T11:00:00+00:00,1.28343499455e-05
case_020,2022-04-15T11:01:00+00:00,1.29078734972e-05
case_020,2022-04-15T11:02:00+00:00,1.28889287225e-05
case_020,2022-04-15T11:03:00+00:00,1.28420679175e-05
case_020,2022-04-15T11:04:00+00:00,1.27756102302e-05
case_020,2022-04-15T11:05:00+00:00,1.26387994897e-05
case_020,2022-04-15T11:06:00+00:00,1.25113501781e-05
case_020,2022-04-15T11:07:00+00:00,1.24694424812e-05
case_020,2022-04-15T11:08:00+00:00,1.25031565403e-05
case_020,2022-04-15T11:09:00+00:00,1.25149254018e-05
case_020,2022-04-15T11:10:00+00:00,1.24950283862e-05
case_020,2022-04-15T11:11:00+00:00,1.25298856801e-05
case_020,2022-04-15T11:12:00+00:00,1.2586300727e-05
case_020,2022-04-15T11:13:00+00:00,1.26409095174e-05
case_020,2022-04-15T11:14:00+00:00,1.27407729451e-05
case_020,2022-04-15T11:15:00+00:00,1.28365545606e-05
case_020,2022-04-15T11:16:00+00:00,1.29055379148e-05
case_020,2022-04-15T11:17:00+00:00,1.29867512442e-05
case_020,2022-04-15T11:18:00+00:00,1.31612141558e-05
case_020,2022-04-15T11:19:00+00:00,1.327397149e-05
case_020,2022-04-15T11:20:00+00:00,1.34498613988e-05
case_020,2022-04-15T11:21:00+00:00,1.36901280712e-05
case_020,2022-04-15T11:22:00+00:00,1.39651801874e-05
case_020,2022-04-15T11:23:00+00:00,1.42697354022e-05
case_020,2022-04-15T11:24:00+00:00,1.45286867337e-05
case_020,2022-04-15T11:25:00+00:00,1.4858997929e-05
case_020,2022-04-15T11:26:00+00:00,1.52561569848e-05
case_020,2022-04-15T11:27:00+00:00,1.55976485985e-05
case_020,2022-04-15T11:28:00+00:00,1.60357412824e-05
case_020,2022-04-15T11:29:00+00:00,1.64677549037e-05
case_020,2022-04-15T11:30:00+00:00,1.69138347701e-05
case_020,2022-04-15T11:31:00+00:00,1.73586886376e-05
case_020,2022-04-15T11:32:00+00:00,1.77483834705e-05
case_020,2022-04-15T11:33:00+00:00,1.81688847078e-05
case_020,2022-04-15T11:34:00+00:00,1.85538774531e-05
case_020,2022-04-15T11:35:00+00:00,1.90059254237e-05
case_020,2022-04-15T11:36:00+00:00,1.94659005501e-05
case_020,2022-04-15T11:37:00+00:00,1.98916059162e-05
case_020,2022-04-15T11:38:00+00:00,2.02406463359e-05
case_020,2022-04-15T11:39:00+00:00,2.058634891e-05
case_020,2022-04-15T11:40:00+00:00,2.08866731555e-05
case_020,2022-04-15T11:41:00+00:00,2.12606555579e-05
case_020,2022-04-15T11:42:00+00:00,2.15729342017e-05
case_020,2022-04-15T11:43:00+00:00,2.18012864934e-05
case_020,2022-04-15T11:44:00+00:00,2.20021902351e-05
case_020,2022-04-15T11:45:00+00:00,2.20854817599e-05
case_020,2022-04-15T11:46:00+00:00,2.21416339627e-05
case_020,2022-04-15T11:47:00+00:00,2.21860718739e-05
case_020,2022-04-15T11:48:00+00:00,2.22546495934e-05
case_020,2022-04-15T11:49:00+00:00,2.23288971029e-05
case_020,2022-04-15T11:50:00+00:00,2.21988866542e-05
case_020,2022-04-15T11:51:00+00:00,2.22498856601e-05
case_020,2022-04-15T11:52:00+00:00,2.21407844947e-05
case_020,2022-04-15T11:53:00+00:00,2.20113943215e-05
case_020,2022-04-15T11:54:00+00:00,2.18912482524e-05
case_020,2022-04-15T11:55:00+00:00,2.17448978219e-05
case_020,2022-04-15T11:56:00+00:00,2.15110321733e-05
case_020,2022-04-15T11:57:00+00:00,2.13678049477e-05
case_020,2022-04-15T11:58:00+00:00,2.12491759157e-05
case_020,2022-04-15T11:59:00+00:00,2.09781137528e-05
case_021,2023-08-26T22:00:00+00:00,1.31672209136e-06
case_021,2023-08-26T22:01:00+00:00,1.32242792006e-06
case_021,2023-08-26T22:02:00+00:00,1.34791696382e-06
case_021,2023-08-26T22:03:00+00:00,1.38887992307e-06
case_021,2023-08-26T22:04:00+00:00,1.42680812587e-06
case_021,2023-08-26T22:05:00+00:00,1.48424169311e-06
case_021,2023-08-26T22:06:00+00:00,1.52674272158e-06
case_021,2023-08-26T22:07:00+00:00,1.57999238581e-06
case_021,2023-08-26T22:08:00+00:00,1.65499909599e-06
case_021,2023-08-26T22:09:00+00:00,1.7237339307e-06
case_021,2023-08-26T22:10:00+00:00,1.82169912932e-06
case_021,2023-08-26T22:11:00+00:00,1.93821870198e-06
case_021,2023-08-26T22:12:00+00:00,2.10302232517e-06
case_021,2023-08-26T22:13:00+00:00,2.3492816581e-06
case_021,2023-08-26T22:14:00+00:00,2.60982574218e-06
case_021,2023-08-26T22:15:00+00:00,2.92484264719e-06
case_021,2023-08-26T22:16:00+00:00,3.21150355376e-06
case_021,2023-08-26T22:17:00+00:00,3.46727256328e-06
case_021,2023-08-26T22:18:00+00:00,3.72621229872e-06
case_021,2023-08-26T22:19:00+00:00,3.95739925807e-06
case_021,2023-08-26T22:20:00+00:00,4.18074932895e-06
case_021,2023-08-26T22:21:00+00:00,4.40530038759e-06
case_021,2023-08-26T22:22:00+00:00,4.65902712676e-06
case_021,2023-08-26T22:23:00+00:00,4.93176776217e-06
case_021,2023-08-26T22:24:00+00:00,5.19788045494e-06
case_021,2023-08-26T22:25:00+00:00,5.5096320466e-06
case_021,2023-08-26T22:26:00+00:00,5.83117662245e-06
case_021,2023-08-26T22:27:00+00:00,6.16931856712e-06
case_021,2023-08-26T22:28:00+00:00,6.51240725347e-06
case_021,2023-08-26T22:29:00+00:00,6.87377314534e-06
case_021,2023-08-26T22:30:00+00:00,7.22692630006e-06
case_021,2023-08-26T22:31:00+00:00,7.5866946645e-06
case_021,2023-08-26T22:32:00+00:00,7.90749527368e-06
case_021,2023-08-26T22:33:00+00:00,8.21391768113e-06
case_021,2023-08-26T22:34:00+00:00,8.54509289638e-06
case_021,2023-08-26T22:35:00+00:00,8.8230417532e-06
case_021,2023-08-26T22:36:00+00:00,9.11713414098e-06
case_021,2023-08-26T22:37:00+00:00,9.38027005759e-06
case_021,2023-08-26T22:38:00+00:00,9.6149451565e-06
case_021,2023-08-26T22:39:00+00:00,9.86087616184e-06
case_021,2023-08-26T22:40:00+00:00,1.00476654552e-05
case_021,2023-08-26T22:41:00+00:00,1.01962159533e-05
case_021,2023-08-26T22:42:00+00:00,1.04094879134e-05
case_021,2023-08-26T22:43:00+00:00,1.05203534986e-05
case_021,2023-08-26T22:44:00+00:00,1.06264833448e-05
case_021,2023-08-26T22:45:00+00:00,1.07779915197e-05
case_021,2023-08-26T22:46:00+00:00,1.08895865196e-05
case_021,2023-08-26T22:47:00+00:00,1.09410457299e-05
case_021,2023-08-26T22:48:00+00:00,1.09313759822e-05
case_021,2023-08-26T22:49:00+00:00,1.10009905256e-05
case_021,2023-08-26T22:50:00+00:00,1.10213113658e-05
case_021,2023-08-26T22:51:00+00:00,1.10112569018e-05
case_021,2023-08-26T22:52:00+00:00,1.10051078082e-05
case_021,2023-08-26T22:53:00+00:00,1.09638758659e-05
case_021,2023-08-26T22:54:00+00:00,1.09041466203e-05
case_021,2023-08-26T22:55:00+00:00,1.08352778625e-05
case_021,2023-08-26T22:56:00+00:00,1.07605592348e-05
case_021,2023-08-26T22:57:00+00:00,1.06616125777e-05
case_021,2023-08-26T22:58:00+00:00,1.05693088699e-05
case_021,2023-08-26T22:59:00+00:00,1.04759346868e-05
case_021,2023-08-26T23:00:00+00:00,1.03667252915e-05
case_021,2023-08-26T23:01:00+00:00,1.02481008071e-05
case_021,2023-08-26T23:02:00+00:00,1.01361993075e-05
case_021,2023-08-26T23:03:00+00:00,1.00140423456e-05
case_021,2023-08-26T23:04:00+00:00,9.91198703559e-06
case_021,2023-08-26T23:05:00+00:00,9.78592743195e-06
case_021,2023-08-26T23:06:00+00:00,9.66868901742e-06
case_021,2023-08-26T23:07:00+00:00,9.53790731728e-06
case_021,2023-08-26T23:08:00+00:00,9.41617781791e-06
case_021,2023-08-26T23:09:00+00:00,9.30160695134e-06
case_021,2023-08-26T23:10:00+00:00,9.19488866202e-06
case_021,2023-08-26T23:11:00+00:00,9.05572323973e-06
case_021,2023-08-26T23:12:00+00:00,8.91676154424e-06
case_021,2023-08-26T23:13:00+00:00,8.78432638274e-06
case_021,2023-08-26T23:14:00+00:00,8.65306810738e-06
case_021,2023-08-26T23:15:00+00:00,8.53653455124e-06
case_021,2023-08-26T23:16:00+00:00,8.41195833345e-06
case_021,2023-08-26T23:17:00+00:00,8.29666714708e-06
case_021,2023-08-26T23:18:00+00:00,8.1876414697e-06
case_021,2023-08-26T23:19:00+00:00,8.08475761005e-06
case_021,2023-08-26T23:20:00+00:00,7.98905421107e-06
case_021,2023-08-26T23:21:00+00:00,7.87824683357e-06
case_021,2023-08-26T23:22:00+00:00,7.77660261519e-06
case_021,2023-08-26T23:23:00+00:00,7.66210814618e-06
case_021,2023-08-26T23:24:00+00:00,7.54477287046e-06
case_021,2023-08-26T23:25:00+00:00,7.44116778151e-06
case_021,2023-08-26T23:26:00+00:00,7.34713648853e-06
case_021,2023-08-26T23:27:00+00:00,7.28113082005e-06
case_021,2023-08-26T23:28:00+00:00,7.18379487807e-06
case_021,2023-08-26T23:29:00+00:00,7.08994866727e-06
case_021,2023-08-26T23:30:00+00:00,6.99623024047e-06
case_021,2023-08-26T23:31:00+00:00,6.91093191563e-06
case_021,2023-08-26T23:32:00+00:00,6.8319127422e-06
case_021,2023-08-26T23:33:00+00:00,6.76650506648e-06
case_021,2023-08-26T23:34:00+00:00,6.68906795909e-06
case_021,2023-08-26T23:35:00+00:00,6.60270916342e-06
case_021,2023-08-26T23:36:00+00:00,6.54336417938e-06
case_021,2023-08-26T23:37:00+00:00,6.49256389806e-06
case_021,2023-08-26T23:38:00+00:00,6.42672739559e-06
case_021,2023-08-26T23:39:00+00:00,6.35655624137e-06
case_021,2023-08-26T23:40:00+00:00,6.29624173598e-06
case_021,2023-08-26T23:41:00+00:00,6.23109826847e-06
case_021,2023-08-26T23:42:00+00:00,6.16920669927e-06
case_021,2023-08-26T23:43:00+00:00,6.11324458077e-06
case_021,2023-08-26T23:44:00+00:00,6.06107460044e-06
case_021,2023-08-26T23:45:00+00:00,6.00617340751e-06
case_021,2023-08-26T23:46:00+00:00,5.94997709413e-06
case_021,2023-08-26T23:47:00+00:00,5.89488900005e-06
case_021,2023-08-26T23:48:00+00:00,5.84382587476e-06
case_021,2023-08-26T23:49:00+00:00,5.79006064072e-06
case_021,2023-08-26T23:50:00+00:00,5.74028763367e-06
case_021,2023-08-26T23:51:00+00:00,5.69281473872e-06
case_021,2023-08-26T23:52:00+00:00,5.64920128454e-06
case_021,2023-08-26T23:53:00+00:00,5.60563512408e-06
case_021,2023-08-26T23:54:00+00:00,5.58569900022e-06
case_021,2023-08-26T23:55:00+00:00,5.58294277653e-06
case_021,2023-08-26T23:56:00+00:00,5.5209175116e-06
case_021,2023-08-26T23:57:00+00:00,5.45884131498e-06
case_021,2023-08-26T23:58:00+00:00,5.4122651818e-06
case_021,2023-08-26T23:59:00+00:00,5.36889274372e-06
case_021,2023-08-27T00:00:00+00:00,5.32759895577e-06
case_022,2024-04-01T01:07:00+00:00,2.24305586016e-06
case_022,2024-04-01T01:08:00+00:00,2.23992788051e-06
case_022,2024-04-01T01:18:00+00:00,2.44599596044e-06
case_022,2024-04-01T01:29:00+00:00,3.32762283506e-05
case_022,2024-04-01T01:39:00+00:00,3.3279240597e-05
case_022,2024-04-01T01:40:00+00:00,3.33055613737e-05
case_022,2024-04-01T01:50:00+00:00,2.66487786575e-05
case_022,2024-04-01T02:00:00+00:00,1.49276675074e-05
case_022,2024-04-01T02:01:00+00:00,1.47420523717e-05
case_022,2024-04-01T02:11:00+00:00,7.97563643573e-06
case_022,2024-04-01T02:22:00+00:00,4.4751641326e-06
case_022,2024-04-01T02:32:00+00:00,2.87973512059e-06
case_022,2024-04-01T02:33:00+00:00,2.85683495349e-06
case_022,2024-04-01T02:43:00+00:00,2.16195894609e-06
case_022,2024-04-01T02:53:00+00:00,1.83193333214e-06
case_022,2024-04-01T02:54:00+00:00,1.82363294243e-06
